annotation_id,image_id,category_id,bbox_x,bbox_y,bbox_w,bbox_h,score
1,1186,12777,504,554,333,494,0.9734891057014464
2,1186,3742,551,190,270,270,0.966107964515686
3,1186,2482,81,684,232,472,0.9603561162948608
4,1186,12080,142,115,206,430,0.7456024885177612
5,1186,13394,143,105,205,436,0.1520265787839889
6,412,12080,649,693,243,467,0.9937492609024048
7,412,2482,622,82,230,452,0.9591987133026124
8,412,3742,106,809,282,288,0.9547206163406372
9,412,12777,103,151,324,535,0.936786651611328
10,374,29666,624,185,225,214,0.9804770946502686
11,374,3482,648,755,210,267,0.9718594551086426
12,374,25366,100,36,406,460,0.9563921093940736
13,374,20876,71,796,326,245,0.9399700164794922
14,1192,33008,89,256,365,207,0.9798524379730223
15,1192,1899,644,854,203,174,0.9784064292907716
16,1192,29344,649,205,171,277,0.943039059638977
17,1192,16550,83,700,288,487,0.2582709491252899
18,638,3742,73,801,322,320,0.9932003617286682
19,638,13394,600,696,238,491,0.9538676738739014
20,638,2482,603,75,282,465,0.9315536618232728
21,638,25366,50,152,500,355,0.6809309720993042
22,176,19860,644,277,221,172,0.9753657579421996
23,176,3482,157,215,247,221,0.9688110947608948
24,176,29666,119,839,228,227,0.9654551148414612
25,176,30307,596,678,280,482,0.953718364238739
26,88,1899,131,231,204,139,0.972862720489502
27,610,16231,620,220,188,183,0.9855271577835084
28,610,34596,0,113,395,442,0.9769018292427064
29,610,28762,62,809,221,210,0.976847767829895
30,610,3482,562,809,286,179,0.9711682796478271
31,1384,27776,178,814,175,200,0.9894508719444276
32,1384,3482,567,815,265,220,0.9676228761672974
33,1384,25366,54,91,411,456,0.9649369716644288
34,1384,20237,604,195,230,216,0.9587186574935912
35,1390,25437,155,871,261,270,0.9864447712898254
36,1390,22361,606,745,262,418,0.9774309992790222
37,1390,2482,596,122,210,459,0.9451685547828674
38,1390,19551,112,149,367,468,0.8916181325912476
39,162,3543,157,177,210,202,0.9856738448143004
40,162,4542,627,142,209,205,0.5408254861831665
41,162,35205,132,539,286,470,0.4916175603866577
42,162,21770,654,856,137,131,0.237807035446167
43,189,22361,623,776,251,422,0.9833780527114868
44,189,3742,137,855,281,286,0.9779897332191468
45,189,12777,82,108,306,547,0.9450221061706544
46,189,2482,638,115,209,471,0.9428094029426576
47,1421,16687,112,505,276,659,0.9742215871810912
48,1421,41767,554,723,298,282,0.9705517888069152
49,1421,3350,336,166,186,187,0.9648566842079164
50,1347,31884,416,622,416,506,0.9875903129577636
51,1347,29666,138,870,232,228,0.9805737137794496
52,1347,3482,126,273,270,187,0.9721388816833496
53,1347,25468,570,187,334,284,0.9569692611694336
54,1353,27776,637,292,173,195,0.983949899673462
55,1353,16231,151,828,193,190,0.9838125705718994
56,1353,3482,171,279,260,212,0.970448672771454
57,1353,34596,512,678,439,458,0.9676887392997742
58,1435,13899,170,340,171,253,0.975906789302826
59,1435,20237,587,306,227,217,0.9439232349395752
60,1435,3350,398,854,188,189,0.8964729905128479
61,980,22073,170,311,185,192,0.956247329711914
62,980,3350,354,872,187,191,0.9087470769882202
63,758,31884,565,659,334,549,0.9879540205001832
64,758,19860,641,277,218,172,0.9765780568122864
65,758,3482,149,218,249,221,0.9743167161941528
66,758,36636,94,904,275,166,0.7353109121322632
67,994,16261,115,846,253,242,0.979127824306488
68,994,3482,132,289,276,173,0.9701014757156372
69,994,30307,501,753,395,433,0.9334070086479188
70,994,28762,675,257,214,197,0.9220092296600342
71,764,31884,45,137,466,465,0.983952820301056
72,764,27732,122,768,318,275,0.9725436568260192
73,764,3482,608,790,274,211,0.9664778113365172
74,764,20237,642,189,230,218,0.9562718868255616
75,957,27925,145,139,260,461,0.9730316400527954
76,957,16550,77,792,312,481,0.945527970790863
77,957,1899,631,894,209,134,0.9080095291137696
78,957,19606,689,298,155,151,0.8365153670310974
79,1227,31884,548,697,324,550,0.9862224459648132
80,1227,19860,639,277,219,171,0.9776266813278198
81,1227,3482,149,220,247,220,0.9740734100341796
82,1227,35205,106,775,300,388,0.911872923374176
83,200,27776,639,294,174,194,0.9834449887275696
84,200,3482,175,279,259,211,0.9709942936897278
85,200,29666,126,879,230,227,0.9644564390182496
86,200,30307,554,733,415,409,0.9592154026031494
87,214,33207,587,800,215,205,0.9946145415306092
88,214,27925,88,616,272,484,0.9455137252807616
89,214,1899,140,240,198,128,0.8865844011306763
90,214,16550,567,57,281,462,0.34949591755867
91,572,16550,100,713,323,475,0.989906132221222
92,572,1899,188,273,203,139,0.9270452260971068
93,572,29344,673,827,185,302,0.8773879408836365
94,572,21770,686,276,176,171,0.2568156719207763
95,1019,29666,667,181,225,215,0.9717032313346864
96,1019,3482,608,791,275,210,0.9661896228790284
97,1019,30307,93,209,468,300,0.9613000750541688
98,1019,27732,129,776,314,275,0.9560792446136476
99,1025,28762,643,862,221,212,0.979267954826355
100,1025,16261,109,837,247,241,0.978214144706726
101,1025,3482,142,291,213,257,0.9698159098625184
102,1025,20876,544,293,326,234,0.9667086005210876
103,1030,3482,580,759,273,210,0.97044837474823
104,1030,34596,44,146,452,413,0.9193505048751832
105,1030,35205,569,120,256,378,0.9172307252883912
106,1030,27732,87,724,326,284,0.8276119232177734
107,1030,35205,89,723,321,285,0.1808729767799377
108,1018,27732,560,256,303,267,0.9840357899665833
109,1018,29666,87,860,231,229,0.9749234318733216
110,1018,3482,124,305,270,203,0.9721518754959106
111,1018,30307,433,739,478,314,0.969816267490387
112,598,36636,173,333,180,251,0.977002739906311
113,598,3350,402,874,190,191,0.927650511264801
114,598,33879,552,191,302,420,0.9263516664505004
115,215,33207,615,834,213,202,0.9914771914482116
116,215,27925,124,665,267,477,0.985759139060974
117,215,1899,157,250,205,124,0.8997776508331299
118,573,16550,571,65,311,460,0.98781555891037
119,573,1899,610,901,205,135,0.9490018486976624
120,573,29344,139,140,186,294,0.9274901747703552
121,573,21770,125,866,178,174,0.2558422386646271
122,229,3742,536,149,313,308,0.9894283413887024
123,229,2482,51,682,283,461,0.9595134854316713
124,229,13394,97,72,238,469,0.6106210947036743
125,229,25366,492,662,405,445,0.1240412071347236
126,1226,31884,127,11,321,534,0.989367425441742
127,1226,19860,127,867,219,168,0.9771305322647096
128,1226,3482,601,867,256,231,0.9687839150428772
129,1226,35205,583,97,288,377,0.7121305465698242
130,1232,31884,541,661,404,521,0.9784016013145448
131,1232,29666,133,858,228,227,0.9719080328941344
132,1232,3482,145,288,212,256,0.9695184230804444
133,1232,20876,592,259,324,241,0.9359495639801024
134,956,16550,593,0,312,444,0.9759792685508728
135,956,27925,593,676,265,482,0.9755286574363708
136,956,19606,144,862,158,156,0.9602975249290466
137,956,1899,158,251,204,124,0.932526171207428
138,942,16231,132,800,192,188,0.976629674434662
139,942,18146,557,642,215,444,0.9563069343566896
140,942,3350,368,200,184,182,0.950638473033905
141,759,31884,81,37,321,517,0.988458812236786
142,759,3482,571,836,262,231,0.9741995334625244
143,759,19860,91,826,224,176,0.9690359830856324
144,759,36636,588,193,261,155,0.6812255382537842
145,1420,41767,102,239,289,265,0.9748799204826356
146,1420,16687,548,62,262,599,0.9640830159187316
147,1420,3350,409,875,189,191,0.8751318454742432
148,62,36636,542,649,203,255,0.9784940481185912
149,62,18146,88,547,291,421,0.9765743017196656
150,62,3350,326,156,184,188,0.9618646502494812
151,822,3742,130,812,330,330,0.9883837103843688
152,822,19551,125,96,332,492,0.9837340116500854
153,822,13394,595,706,230,458,0.9578897356987
154,822,2482,621,79,194,465,0.9472421407699584
155,1408,33207,655,899,220,210,0.9708240628242492
156,1408,1899,188,273,202,139,0.949955940246582
157,1408,16547,73,807,242,237,0.9099351167678832
158,605,3482,593,844,282,171,0.970643937587738
159,605,36636,644,208,188,247,0.9645338654518129
160,605,28762,146,248,216,203,0.9640477895736694
161,605,28762,98,852,216,206,0.875909686088562
162,163,27776,181,813,172,200,0.9873514771461488
163,163,16231,644,249,189,181,0.9745202660560608
164,163,3482,568,812,265,219,0.9651710987091064
165,163,28762,127,172,212,204,0.9219703674316406
166,1385,27776,146,774,178,207,0.987728714942932
167,1385,20237,575,190,225,214,0.9642623662948608
168,1385,3482,536,781,268,222,0.96290123462677
169,1385,25366,39,81,404,444,0.9547803997993468
170,611,16231,141,846,196,192,0.972997546195984
171,611,3482,133,288,275,173,0.970306932926178
172,611,34596,582,650,394,468,0.965948760509491
173,611,28762,677,256,212,198,0.7459731101989746
174,611,20237,678,257,210,197,0.5614199638366699
175,89,1899,112,223,203,142,0.9519553780555724
176,89,21770,44,760,305,297,0.9451580047607422
177,1150,27776,176,811,175,200,0.9849898815155028
178,1150,29666,629,163,225,215,0.9810163378715516
179,1150,34596,79,58,411,462,0.9689416885375975
180,1150,3482,564,814,265,219,0.963546633720398
181,1144,31884,52,173,439,485,0.9833353757858276
182,1144,25468,51,856,375,218,0.9704958200454712
183,1144,16261,572,196,247,229,0.9702998399734496
184,1144,3482,603,844,277,190,0.9665930867195128
185,1178,31884,103,58,405,488,0.9912225008010864
186,1178,27776,147,774,176,206,0.9869593977928162
187,1178,20237,575,190,223,213,0.96519672870636
188,1178,3482,536,780,269,223,0.9604297876358032
189,361,16261,644,288,244,234,0.9737027883529664
190,361,18146,213,170,213,410,0.9560789465904236
191,361,3350,428,881,190,190,0.9459396600723268
192,413,12080,644,690,231,454,0.990990400314331
193,413,3742,106,800,277,276,0.9753958582878112
194,413,2482,623,42,247,467,0.9634878635406494
195,413,12777,101,137,326,522,0.9539570808410645
196,1187,3742,104,800,276,273,0.971143126487732
197,1187,2482,607,53,232,479,0.953974425792694
198,1187,13394,591,699,211,449,0.9253444075584412
199,1187,12777,103,138,330,509,0.7168697118759155
200,1187,19551,100,141,335,505,0.5968105792999268
201,349,27776,180,813,174,199,0.9864456057548524
202,349,3482,568,812,264,219,0.9686879515647888
203,349,35205,614,137,226,406,0.9686112403869628
204,349,34596,4,130,444,429,0.854498028755188
205,1191,12080,112,111,221,426,0.9963812232017516
206,1191,3742,493,164,312,305,0.985982358455658
207,1191,12777,521,582,329,493,0.9745185375213624
208,1191,2482,86,668,252,468,0.9568434357643129
209,1185,16547,601,150,238,226,0.9797611236572266
210,1185,1899,610,901,205,135,0.9663663506507874
211,1185,29344,138,142,187,293,0.8933339715003967
212,411,33008,88,256,368,207,0.9833672046661376
213,411,1899,645,852,201,178,0.9789913892745972
214,411,27992,497,198,453,314,0.2751820683479309
215,411,16550,497,198,450,314,0.1534068435430526
216,411,25366,29,828,393,300,0.1486016511917114
217,149,19231,94,700,337,264,0.9726372361183168
218,149,20237,595,711,229,228,0.95946604013443
219,149,3350,345,189,184,188,0.954533576965332
220,1393,27776,638,290,174,196,0.9856995940208436
221,1393,16261,136,836,249,241,0.976190745830536
222,1393,22346,682,869,213,210,0.9708687663078308
223,1393,3482,173,277,258,212,0.9670543074607848
224,1387,22346,113,241,205,197,0.9882997274398804
225,1387,20237,603,180,225,217,0.97762793302536
226,1387,3482,642,758,203,274,0.9679640531539916
227,1387,20876,140,831,274,312,0.6896658539772034
228,175,19860,120,865,220,170,0.9824644923210144
229,175,29666,638,205,224,214,0.9790215492248536
230,175,3482,595,873,254,229,0.9699511528015136
231,175,30307,121,98,279,471,0.9484071135520936
232,820,3742,481,146,313,310,0.9923918843269348
233,820,2482,86,696,212,477,0.948553502559662
234,820,19551,480,636,345,491,0.6504194736480713
235,820,13394,138,105,214,433,0.5886207818984985
236,820,12777,483,635,344,493,0.5040473937988281
237,820,12080,138,114,214,429,0.3873665928840637
238,60,19860,638,277,220,171,0.9737926125526428
239,60,3482,149,218,247,221,0.9736836552619934
240,60,34596,542,692,414,487,0.9646404385566713
241,60,35205,106,775,300,389,0.9473835825920104
242,1378,22346,623,867,212,208,0.9900963306427002
243,1378,3482,150,219,246,220,0.975052773952484
244,1378,19860,639,277,219,171,0.9731945395469666
245,1378,35205,106,775,300,389,0.9127829670906068
246,1436,13899,598,627,178,265,0.9673030972480774
247,1436,3350,349,185,184,187,0.9491609930992126
248,1436,20237,111,698,229,228,0.9356765747070312
249,1350,31862,588,858,204,204,0.9600843191146852
250,1350,22073,107,814,183,188,0.951562523841858
251,1350,3350,426,221,183,181,0.9431105256080629
252,808,3543,108,205,212,203,0.9887931942939758
253,808,27925,192,706,215,364,0.9301772117614746
254,808,16550,613,54,334,450,0.9183279275894164
255,808,16231,633,828,173,238,0.1020138785243034
256,997,21770,121,804,195,190,0.967745006084442
257,997,1899,147,239,182,184,0.9645797610282898
258,997,29450,457,804,425,228,0.7788956761360168
259,997,35205,590,61,278,468,0.358464241027832
260,997,16550,588,63,280,466,0.170803889632225
261,997,24849,455,807,427,223,0.129016637802124
262,983,3742,116,828,320,320,0.9952210783958436
263,983,13394,631,678,225,495,0.984818696975708
264,983,2482,668,81,213,482,0.9466112852096558
265,983,12777,103,70,305,518,0.9148152470588684
266,773,33207,610,846,215,207,0.993649423122406
267,773,1899,87,259,199,127,0.9435722231864928
268,954,25468,49,855,377,220,0.9706369042396544
269,954,3482,602,844,279,190,0.9685187339782716
270,954,16261,572,196,246,230,0.9679889678955078
271,954,30307,63,177,377,428,0.9590798020362854
272,798,3543,163,198,209,200,0.990916907787323
273,798,4542,631,192,207,201,0.9854626655578612
274,798,27992,523,889,333,157,0.9755609631538392
275,798,35205,72,584,312,462,0.5489317178726196
276,798,16550,71,581,313,464,0.4636748135089874
277,940,16231,643,321,191,190,0.9808337092399596
278,940,18146,204,226,219,412,0.9541751742362976
279,940,3350,422,898,188,191,0.9341999292373656
280,1224,36636,643,208,189,248,0.9759854674339294
281,1224,3482,591,845,283,170,0.9716699123382568
282,1224,28762,97,851,217,207,0.8434217572212219
283,1224,30307,119,120,317,500,0.3377962112426758
284,1224,12777,120,118,315,501,0.1197486817836761
285,968,29666,110,695,233,235,0.9825567603111268
286,968,41767,561,623,263,308,0.9646651148796082
287,968,3350,342,154,183,190,0.9496491551399232
288,571,16550,540,59,308,446,0.9915422201156616
289,571,1899,582,867,207,142,0.9522526860237122
290,571,29344,122,135,181,285,0.7994269132614136
291,217,12080,601,705,227,460,0.9936054944992064
292,217,3742,117,782,321,326,0.9924141764640808
293,217,12777,119,110,297,543,0.9501227140426636
294,217,2482,582,70,249,475,0.9478951692581176
295,203,22346,83,196,201,196,0.9909740090370178
296,203,16261,602,186,238,230,0.9690898060798644
297,203,3482,623,718,211,271,0.9654828310012816
298,203,20876,83,725,334,240,0.95380836725235
299,565,12080,649,693,244,466,0.991692304611206
300,565,19551,29,158,402,435,0.9685847163200378
301,565,2482,621,83,231,451,0.9608765840530396
302,565,3742,106,810,283,287,0.9541074633598328
303,1026,28762,134,205,215,202,0.9784542322158812
304,1026,3482,652,751,208,265,0.9733793139457704
305,1026,16261,630,194,246,229,0.969668745994568
306,1026,20876,116,768,330,232,0.95783668756485
307,1027,13899,190,284,198,235,0.979577362537384
308,1027,16231,600,262,187,186,0.9760425090789796
309,1027,3350,354,883,187,192,0.2251825183629989
310,202,22346,688,866,213,207,0.9822136163711548
311,202,16261,109,836,247,241,0.979396104812622
312,202,3482,142,290,214,257,0.969672441482544
313,202,20876,545,293,326,234,0.9655668139457704
314,564,33008,544,833,379,202,0.9937610030174256
315,564,21770,160,806,191,185,0.9764388799667358
316,564,1899,151,255,195,162,0.9472652673721312
317,564,16550,592,109,296,470,0.8614484071731567
318,941,18146,518,551,213,443,0.9669313430786132
319,941,16231,89,710,194,195,0.9663483500480652
320,941,3350,325,142,185,189,0.9586520195007324
321,799,28762,171,179,211,203,0.9838025569915771
322,799,19860,126,866,220,169,0.9745542407035828
323,799,20237,644,187,229,217,0.9690526127815248
324,799,3482,600,868,258,230,0.9683818817138672
325,1219,16550,66,585,338,462,0.9919579029083252
326,1219,29344,577,668,285,447,0.9881306886672974
327,1219,3543,103,240,206,202,0.9804478883743286
328,1219,29666,649,207,219,214,0.2120269238948822
329,766,34596,568,732,408,474,0.98262619972229
330,766,36636,168,798,186,256,0.9760280847549438
331,766,3482,142,291,212,257,0.9689320921897888
332,766,20876,545,294,325,233,0.9603167772293092
333,772,33207,638,878,211,201,0.9916409254074096
334,772,1899,104,270,205,124,0.9614053964614868
335,772,29344,167,689,265,443,0.3532230854034424
336,982,3742,117,837,328,335,0.9942767024040222
337,982,13394,637,678,242,509,0.9829529523849488
338,982,2482,659,116,216,469,0.9405432343482972
339,982,12777,102,107,312,513,0.9224007725715636
340,996,16261,621,183,244,232,0.9722437858581544
341,996,3482,590,845,282,171,0.9718685150146484
342,996,30307,109,74,388,422,0.9609994888305664
343,996,28762,97,851,217,207,0.9480149745941162
344,1345,31884,164,132,424,493,0.9912593960762024
345,1345,25468,86,832,349,296,0.9686768651008606
346,1345,3482,602,845,277,190,0.966840386390686
347,1345,29666,617,172,225,217,0.9613538980484008
348,1379,22346,162,200,206,199,0.988135576248169
349,1379,19860,126,866,221,169,0.976450741291046
350,1379,3482,601,867,257,232,0.9703124165534972
351,1379,35205,585,97,283,376,0.8190427422523499
352,75,16550,553,85,361,430,0.9941614270210266
353,75,3543,88,208,209,203,0.9813920855522156
354,75,27925,198,714,216,360,0.9614505767822266
355,75,12246,616,880,216,125,0.2575561106204986
356,1386,27776,638,290,174,195,0.986198663711548
357,1386,20237,150,850,232,225,0.9747502207756042
358,1386,3482,172,277,259,212,0.9680384397506714
359,1386,25366,535,706,415,461,0.9610435366630554
360,612,16231,649,231,191,179,0.982642650604248
361,612,34596,0,136,424,444,0.9804446697235109
362,612,3482,589,844,284,172,0.9739550948143004
363,612,28762,96,851,218,206,0.950440526008606
364,174,29666,124,863,230,227,0.972572922706604
365,174,3482,133,288,276,173,0.9669158458709716
366,174,28762,679,257,210,197,0.8913669586181641
367,174,30307,554,686,326,508,0.8491306900978088
368,160,3543,627,886,214,213,0.9823564291000366
369,160,28762,211,318,134,135,0.670831561088562
370,160,27925,573,265,288,467,0.3786433935165405
371,160,4542,145,914,210,213,0.241498053073883
372,1392,25437,154,860,254,257,0.9858463406562804
373,1392,22361,600,743,248,409,0.9770860075950624
374,1392,2482,598,84,224,478,0.9396689534187316
375,1392,19551,112,129,365,459,0.7661936283111572
376,148,19231,498,235,332,258,0.971463978290558
377,148,20237,120,297,227,221,0.9561756253242492
378,148,3350,402,850,188,191,0.9330504536628724
379,1153,22346,145,210,206,196,0.9908847212791444
380,1153,19860,126,866,220,169,0.9729382991790771
381,1153,16231,645,174,194,186,0.9722163081169128
382,1153,3482,601,867,257,232,0.9694622159004213
383,389,34596,30,129,441,423,0.9826130867004396
384,389,3482,624,718,210,270,0.9636331796646118
385,389,16261,602,185,239,230,0.9610725045204164
386,389,20876,84,724,333,241,0.9554891586303712
387,1184,16547,142,878,243,239,0.9637284874916076
388,1184,29344,672,826,188,302,0.9548097252845764
389,1184,1899,187,273,202,139,0.9540350437164308
390,1190,3742,119,797,328,329,0.9916681051254272
391,1190,12080,612,717,240,459,0.990382730960846
392,1190,12777,97,131,324,518,0.9552396535873412
393,1190,2482,574,109,245,463,0.9518823623657228
394,404,18146,16,586,284,419,0.9645892381668092
395,404,3350,357,144,183,189,0.9607093930244446
396,404,35205,439,699,414,235,0.9502980709075928
397,400,33207,613,770,214,206,0.9879819750785828
398,400,33008,11,774,373,239,0.9823898077011108
399,400,1899,132,244,197,159,0.9745286107063292
400,400,16547,602,123,232,226,0.9313710927963256
401,1194,33008,544,834,377,201,0.9880985617637634
402,1194,29344,168,819,175,291,0.9691106081008912
403,1194,1899,150,254,195,164,0.9490782022476196
404,1194,16550,613,64,288,477,0.5504617094993591
405,1180,19231,495,232,327,257,0.9729748964309692
406,1180,21324,186,306,166,227,0.9616637229919434
407,1180,3350,395,916,190,191,0.9134953618049622
408,414,12080,70,118,222,442,0.9946656227111816
409,414,3742,549,190,271,270,0.980618178844452
410,414,12777,510,551,318,495,0.9743103981018066
411,414,2482,49,701,252,471,0.9572702646255492
412,372,34596,14,139,457,418,0.9721454381942748
413,372,25468,51,856,375,219,0.9686878323554992
414,372,3482,602,844,278,190,0.9677762389183044
415,372,16261,572,196,246,230,0.9664920568466188
416,1157,16261,110,677,249,244,0.9781578183174132
417,1157,13899,554,715,212,243,0.9683141112327576
418,1157,3350,354,182,183,188,0.939851701259613
419,1143,12080,652,702,254,467,0.9966838955879213
420,1143,25437,122,832,259,268,0.98296320438385
421,1143,2482,565,148,302,443,0.9543319344520568
422,1143,12777,65,146,308,518,0.8566065430641174
423,1396,3742,522,163,268,266,0.9624429941177368
424,1396,2482,84,667,223,485,0.9530781507492064
425,1396,12080,84,90,225,482,0.7969143986701965
426,1396,12777,505,588,337,492,0.7807897329330444
427,602,31884,37,118,443,461,0.9912120699882508
428,602,16261,561,216,242,231,0.977749526500702
429,602,3482,579,759,273,211,0.9708974957466124
430,602,27732,87,724,324,284,0.9073218703269958
431,164,27776,637,291,173,195,0.9860199093818665
432,164,28762,653,892,220,212,0.9796172976493835
433,164,16231,151,827,192,191,0.97587788105011
434,164,3482,170,279,260,211,0.970548152923584
435,170,12080,649,693,241,465,0.9949952363967896
436,170,3742,105,810,283,287,0.9609180688858032
437,170,2482,615,80,240,452,0.9546549320220948
438,170,12777,114,139,311,537,0.9477667808532716
439,616,3482,149,219,247,220,0.9758688807487488
440,616,28762,630,887,221,214,0.9727042317390442
441,616,19860,638,276,220,172,0.9713301062583924
442,616,16231,143,898,195,191,0.854459285736084
443,819,16231,620,221,188,182,0.984878957271576
444,819,3482,562,809,286,179,0.9720041751861572
445,819,30307,78,135,372,416,0.9593267440795898
446,819,28762,62,810,222,210,0.9205048084259032
447,1355,30307,77,47,324,441,0.9649795889854432
448,1355,3482,625,717,210,271,0.9643727540969848
449,1355,36636,602,203,178,246,0.9634919762611388
450,1355,20876,83,725,334,240,0.9559701085090636
451,1433,32309,0,662,304,328,0.9844531416893004
452,1433,38161,608,752,293,213,0.9707419276237488
453,1433,3350,368,173,180,184,0.9579437375068665
454,1369,22346,118,212,210,198,0.991154670715332
455,1369,19860,126,866,221,169,0.9753738045692444
456,1369,16261,637,179,245,228,0.9697862267494202
457,1369,3482,600,867,259,231,0.9682327508926392
458,65,29666,555,726,236,233,0.9857318997383118
459,65,20013,0,635,340,340,0.9794735312461852
460,65,3350,350,153,184,189,0.9484901428222656
461,831,27776,179,813,174,200,0.9867891669273376
462,831,28762,112,173,216,204,0.9811845421791076
463,831,3482,567,812,263,221,0.9675295352935792
464,831,36636,665,179,182,248,0.9636475443840028
465,986,1899,633,898,208,157,0.9790034890174866
466,986,16547,144,837,238,238,0.9603475332260132
467,986,29450,45,232,404,226,0.943696916103363
468,986,29344,646,258,191,268,0.8955544233322144
469,986,24849,46,234,401,223,0.3496551215648651
470,1235,33008,544,834,377,201,0.9939916729927064
471,1235,16547,619,144,240,228,0.9750903844833374
472,1235,1899,150,253,195,165,0.9670365452766418
473,1235,21770,160,806,190,184,0.9636630415916444
474,979,22073,585,709,186,195,0.9647642970085144
475,979,3350,392,156,183,188,0.958508849143982
476,951,3482,652,752,208,264,0.9731909036636353
477,951,16261,630,193,244,230,0.9705130457878112
478,951,20876,116,767,331,233,0.9633156061172484
479,951,30307,86,134,413,394,0.9631994366645812
480,1209,27776,180,813,173,199,0.9863170981407166
481,1209,22346,102,258,204,198,0.9832271337509156
482,1209,16231,645,250,187,180,0.9719930291175842
483,1209,3482,568,812,264,220,0.966283679008484
484,945,19860,638,277,220,171,0.9778242707252502
485,945,3482,149,219,247,221,0.974140465259552
486,945,20237,112,856,230,226,0.9706805944442748
487,945,30307,635,641,301,515,0.8832359910011292
488,212,16550,476,139,445,354,0.9678245782852172
489,212,1899,624,891,205,138,0.9563493728637696
490,212,27732,473,138,449,352,0.1676878631114959
491,212,21770,61,127,303,288,0.1423261165618896
492,574,3742,116,828,321,321,0.9939310550689696
493,574,13394,629,677,228,496,0.9850784540176392
494,574,2482,667,81,214,483,0.9449942111968994
495,574,12777,91,159,322,503,0.9406508803367616
496,560,19860,127,866,219,168,0.9792634844779968
497,560,3482,601,867,257,231,0.9673848152160645
498,560,30307,114,76,279,475,0.9549031257629396
499,560,35205,584,97,286,378,0.7880204319953918
500,548,36636,168,798,186,257,0.977320432662964
501,548,22346,665,830,210,206,0.969703495502472
502,548,3482,142,291,213,257,0.9675403833389282
503,548,20876,544,293,326,233,0.9519684314727784
504,1023,33207,610,843,212,200,0.9853443503379822
505,1023,1899,166,247,181,184,0.9641344547271729
506,1023,29450,71,841,414,218,0.7588239908218384
507,1023,16550,654,30,285,478,0.3086698353290558
508,1022,33207,581,809,218,207,0.9913979768753052
509,1022,1899,146,239,184,184,0.972665786743164
510,1022,16550,624,26,282,464,0.9280864596366882
511,1022,29450,36,799,423,227,0.8388471007347107
512,1022,24849,35,800,423,225,0.1114668250083923
513,213,1899,595,857,211,145,0.95621258020401
514,213,16550,452,127,435,347,0.8300499320030212
515,213,27732,450,125,433,350,0.343010812997818
516,575,3742,496,124,311,307,0.9933112859725952
517,575,12777,527,543,329,489,0.9744945764541626
518,575,2482,56,647,210,485,0.9276522397994996
519,575,12080,87,88,224,484,0.650473415851593
520,950,16261,600,186,240,230,0.9676377177238464
521,950,3482,624,718,210,270,0.964694619178772
522,950,30307,73,117,398,386,0.9645124673843384
523,950,20876,83,724,334,242,0.9595051407814026
524,788,20237,615,185,222,213,0.9752480983734132
525,788,3482,573,836,261,231,0.96953547000885
526,788,19860,92,827,226,175,0.9678359627723694
527,788,34596,99,70,341,484,0.8796694874763489
528,1220,16550,90,635,344,453,0.9938801527023317
529,1220,29344,602,705,287,444,0.9870975613594056
530,1220,3543,121,250,207,205,0.9859375357627868
531,1220,16547,678,215,225,213,0.2394304275512695
532,993,3543,109,232,209,202,0.9725635051727296
533,993,16547,601,232,235,226,0.941673994064331
534,763,27732,563,262,304,265,0.976984977722168
535,763,3482,125,305,268,202,0.9738580584526062
536,763,31884,497,642,464,482,0.9717413783073424
537,763,20237,112,854,232,227,0.9592442512512208
538,70,1899,633,898,209,157,0.969170331954956
539,70,29450,44,232,405,225,0.9321750402450562
540,70,29344,646,258,191,267,0.7366737127304077
541,70,24849,45,234,402,222,0.3679629266262054
542,70,16550,51,712,291,491,0.2192154228687286
543,830,27776,638,291,173,195,0.9880556464195251
544,830,28762,667,892,220,212,0.9802441596984864
545,830,36636,130,828,193,256,0.9725980758666992
546,830,3482,172,279,260,211,0.9693247079849244
547,64,20013,591,269,340,315,0.9794343113899232
548,64,29666,153,277,229,224,0.9765529036521912
549,64,3350,397,887,189,191,0.8809810280799866
550,1340,1899,644,859,207,158,0.9795042872428894
551,1340,16547,187,823,238,239,0.9737159609794616
552,1340,24849,581,285,290,169,0.9652590751647948
553,1340,29344,131,129,251,417,0.2574817538261413
554,58,34596,38,61,392,457,0.979705274105072
555,58,3482,574,836,260,230,0.9702760577201844
556,58,19860,91,827,226,175,0.9667388796806335
557,58,27732,550,92,285,368,0.7269559502601624
558,58,35205,551,91,283,367,0.4612291157245636
559,1354,36636,167,799,188,256,0.9800862073898317
560,1354,3482,141,292,213,257,0.9687793254852296
561,1354,20876,544,294,326,233,0.9655317068099976
562,1354,30307,574,736,336,464,0.8828474283218384
563,818,16231,141,846,196,191,0.9764950275421144
564,818,3482,132,289,276,173,0.9701982736587524
565,818,30307,524,675,385,433,0.9542669057846068
566,818,28762,679,257,210,196,0.8801679611206055
567,159,27776,179,814,173,200,0.9904292821884156
568,159,16261,603,194,245,230,0.971479833126068
569,159,3482,567,815,263,220,0.9669485092163086
570,159,25366,120,91,404,470,0.9552829265594482
571,617,16231,645,174,194,186,0.9779159426689148
572,617,19860,126,866,220,169,0.9730646014213562
573,617,3482,601,867,257,231,0.9680946469306946
574,617,28762,148,178,215,201,0.9561218023300172
575,603,31884,44,141,467,466,0.982268214225769
576,603,16261,590,228,246,229,0.9721130132675172
577,603,27732,122,767,319,277,0.9720271825790404
578,603,3482,608,790,274,211,0.9653644561767578
579,165,27776,148,773,176,206,0.9872953295707704
580,165,16231,615,238,184,182,0.9793213605880736
581,165,3482,537,777,269,224,0.9604018926620485
582,165,28762,111,168,209,197,0.848635733127594
583,1142,12080,647,698,239,452,0.9894276261329652
584,1142,25437,121,821,253,256,0.9893594980239868
585,1142,2482,569,116,300,452,0.947845697402954
586,1142,12777,68,118,303,514,0.636003315448761
587,1156,13899,183,284,205,229,0.9726722836494446
588,1156,16261,571,308,244,235,0.9715446829795836
589,1156,3350,393,857,188,190,0.675198495388031
590,429,3482,610,790,274,209,0.9652108550071716
591,429,27732,131,774,318,278,0.957543671131134
592,429,29666,667,179,226,215,0.9540016651153564
593,429,34596,72,153,493,357,0.851709246635437
594,415,19860,126,866,220,168,0.979036509990692
595,415,16261,637,178,246,229,0.9727789163589478
596,415,3482,601,868,257,230,0.966791808605194
597,415,31884,102,96,323,532,0.9667373299598694
598,401,33008,585,240,361,238,0.991476595401764
599,401,1899,642,857,206,168,0.9851550459861756
600,401,33207,152,295,205,196,0.8049980998039246
601,417,16261,100,852,246,241,0.978095293045044
602,417,19860,638,277,220,171,0.9759947061538696
603,417,3482,149,220,248,220,0.974282205104828
604,417,31884,568,617,329,546,0.9515477418899536
605,1197,27776,180,813,174,200,0.9898117184638976
606,1197,28762,162,178,216,203,0.9829747080802916
607,1197,3482,568,812,264,219,0.9680498838424684
608,1197,35205,618,138,222,405,0.9670947790145874
609,359,27776,178,811,173,200,0.9863303899765016
610,359,29666,630,164,223,214,0.9852220416069032
611,359,31884,82,54,364,517,0.9844387173652648
612,359,3482,565,814,264,219,0.964084267616272
613,1140,34596,41,119,391,474,0.9836052060127258
614,1140,20237,622,176,227,216,0.9769312739372252
615,1140,3482,593,844,281,171,0.9717183113098145
616,1140,28762,99,851,216,208,0.8464547395706177
617,1154,22346,126,200,203,195,0.9797043800354004
618,1154,16231,617,171,187,181,0.9730573892593384
619,1154,3482,574,836,261,230,0.9714322686195374
620,1154,19860,91,826,228,176,0.962039351463318
621,1168,29666,588,168,221,215,0.9769639372825624
622,1168,3482,575,813,279,190,0.9700184464454652
623,1168,30307,40,13,348,428,0.9680757522583008
624,1168,25468,46,788,353,300,0.9493804574012756
625,615,22073,673,820,184,187,0.9654512405395508
626,615,3350,389,213,184,182,0.9548057317733764
627,615,19231,208,755,237,353,0.9351286292076112
628,1381,32309,34,236,368,231,0.9873643517494202
629,1381,21324,632,277,239,140,0.974313259124756
630,1381,3350,408,845,188,189,0.8399778604507446
631,173,29666,602,176,221,213,0.9768490195274352
632,173,3482,561,810,287,178,0.9648919105529784
633,173,30307,101,58,323,482,0.8953477740287781
634,173,28762,61,809,221,211,0.8478240966796875
635,1395,27776,146,774,177,206,0.9880369901657104
636,1395,16261,573,187,244,228,0.9682467579841614
637,1395,22346,87,192,203,195,0.9617097973823548
638,1395,3482,536,779,269,224,0.9602492451667786
639,601,16261,151,804,250,242,0.9827262163162231
640,601,27732,564,261,303,265,0.9784537553787231
641,601,3482,125,305,268,203,0.9733464121818542
642,601,31884,496,639,463,481,0.9681437015533448
643,1424,31884,98,85,362,508,0.9948806762695312
644,1424,27776,146,773,177,206,0.9846619367599488
645,1424,35205,585,132,220,393,0.9738198518753052
646,1424,3482,536,780,268,221,0.9638372659683228
647,8,22346,131,218,204,198,0.9920523166656494
648,8,20237,623,176,228,217,0.9787691831588744
649,8,3482,592,844,281,172,0.9697895646095276
650,8,28762,98,851,217,207,0.9615386128425598
651,832,16547,607,161,235,227,0.966566264629364
652,832,1899,624,890,205,138,0.9579960107803344
653,72,1899,156,224,208,151,0.9757070541381836
654,72,29450,546,841,417,224,0.8748008608818054
655,72,29344,153,776,192,280,0.8706228733062744
656,72,16550,646,47,282,479,0.3483767807483673
657,1418,1899,126,256,199,151,0.9393805265426636
658,1418,30307,557,85,244,401,0.654723048210144
659,1418,16550,107,653,294,484,0.3200792074203491
660,1418,36636,591,702,260,448,0.2761984169483185
661,198,3742,122,835,330,336,0.9919540286064148
662,198,22361,609,732,271,420,0.9562694430351256
663,198,12777,110,176,308,541,0.9545802474021912
664,198,2482,623,100,205,467,0.9364516139030457
665,826,38161,177,207,251,255,0.9790219664573668
666,826,18146,537,320,305,387,0.9742134213447572
667,826,3350,408,861,188,192,0.9603489637374878
668,66,29666,595,817,231,225,0.9836753010749816
669,66,20013,33,717,346,338,0.9671216607093812
670,66,3350,392,211,186,186,0.9281339049339294
671,761,29344,127,752,286,438,0.9938126802444458
672,761,33207,682,835,214,202,0.9865726232528688
673,761,1899,178,270,129,199,0.974311888217926
674,761,16547,610,211,237,226,0.96733957529068
675,985,16547,575,184,230,227,0.982446551322937
676,985,1899,138,219,201,150,0.9812071919441224
677,985,29450,521,802,419,233,0.9101020693778992
678,985,29344,116,737,203,286,0.6019963026046753
679,991,3543,91,220,206,202,0.982258677482605
680,991,16547,571,220,231,227,0.9353618025779724
681,991,27776,584,773,227,222,0.5667203068733215
682,1222,3482,562,809,287,179,0.9648836851119996
683,1222,36636,614,203,180,243,0.9599083065986632
684,1222,28762,62,809,221,212,0.860148549079895
685,1222,30307,97,107,314,486,0.811664342880249
686,952,16261,166,834,248,242,0.977382242679596
687,952,3482,124,273,271,188,0.9739688634872437
688,952,25468,572,232,369,217,0.9607044458389282
689,952,30307,558,647,383,432,0.948744773864746
690,205,3543,112,163,206,199,0.9854346513748168
691,205,16547,592,121,229,224,0.9669614434242249
692,205,27925,165,673,220,366,0.8952161073684692
693,205,33207,622,850,140,136,0.2441931813955307
694,205,28762,622,850,141,136,0.1032820492982864
695,577,33008,518,790,383,209,0.98959082365036
696,577,16550,541,73,348,419,0.9863359928131104
697,577,19606,141,786,159,157,0.9822047352790833
698,577,1899,132,245,197,158,0.9688489437103271
699,1034,3482,150,219,246,221,0.9750496745109558
700,1034,19860,639,277,219,171,0.9719310998916626
701,1034,28762,651,882,220,214,0.9713944792747498
702,1034,36636,93,905,277,166,0.1196481138467788
703,1020,29666,638,177,219,216,0.9803926348686218
704,1020,30307,76,189,452,298,0.9734333753585817
705,1020,3482,580,759,272,210,0.9700433611869812
706,1020,27732,94,732,317,279,0.9449326992034912
707,588,28762,163,205,216,205,0.9786738753318788
708,588,25468,87,831,349,298,0.969761073589325
709,588,3482,601,845,278,190,0.96867036819458
710,588,36636,674,171,173,255,0.9581990242004396
711,589,19860,127,866,219,169,0.9830759763717652
712,589,16261,637,178,247,230,0.9703450798988342
713,589,3482,601,867,256,231,0.9637489914894104
714,589,30307,28,114,346,491,0.9589197635650636
715,1009,22346,78,196,203,197,0.9934084415435792
716,1009,25468,11,813,389,221,0.9754237532615662
717,1009,16261,546,187,238,228,0.975174069404602
718,1009,3482,575,810,281,193,0.9712554216384888
719,238,16261,624,240,244,232,0.9687311053276062
720,238,3350,403,834,186,189,0.9479232430458068
721,576,3742,117,837,328,335,0.9933063387870787
722,576,13394,637,678,242,509,0.9830366969108582
723,576,12777,94,172,325,516,0.960332691669464
724,576,2482,658,114,217,471,0.9386066198349
725,210,29666,163,750,227,223,0.9811807870864868
726,210,31862,595,875,205,205,0.9676570296287536
727,210,3350,418,243,183,184,0.7769186496734619
728,204,22346,99,203,206,198,0.9894994497299194
729,204,3482,651,752,208,265,0.9727981686592102
730,204,16261,630,194,246,230,0.9715429544448853
731,204,20876,115,769,330,230,0.9539534449577332
732,953,25468,10,813,390,222,0.9775920510292052
733,953,16261,545,188,239,229,0.9752930998802184
734,953,3482,576,812,277,190,0.970922589302063
735,953,30307,43,158,375,418,0.9650497436523438
736,947,28762,593,887,222,213,0.978984832763672
737,947,3482,132,289,276,172,0.9678221344947816
738,947,16231,141,846,196,191,0.967246413230896
739,947,28762,679,256,210,197,0.8930308818817139
740,1237,1899,104,269,205,125,0.972290575504303
741,1237,16547,614,187,236,227,0.9708737134933472
742,1237,29344,167,689,263,444,0.1705885678529739
743,990,3482,150,218,248,221,0.9750646352767944
744,990,19860,640,277,220,171,0.97370582818985
745,990,22346,625,887,214,208,0.6441347599029541
746,990,36636,93,904,277,165,0.2286500334739685
747,984,3742,496,124,312,307,0.9950807094573976
748,984,2482,57,647,208,486,0.9258704781532288
749,984,12777,529,614,315,506,0.8735634684562683
750,984,12080,87,89,224,482,0.6862051486968994
751,760,29344,87,708,294,444,0.9904773235321044
752,760,33207,655,803,216,205,0.9878694415092468
753,760,16547,580,202,230,226,0.9810927510261536
754,760,1899,158,259,126,199,0.9529635906219482
755,199,27776,177,812,174,199,0.9874542951583862
756,199,29666,630,164,224,214,0.9796813726425172
757,199,30307,39,116,406,403,0.9717115759849548
758,199,3482,565,815,263,218,0.966269075870514
759,73,16550,526,74,348,418,0.9847826361656188
760,73,3543,72,200,203,199,0.9679338335990906
761,73,27925,166,671,219,367,0.8660660982131958
762,73,1899,592,848,213,128,0.4321573376655578
763,9,22346,114,210,201,195,0.9957250356674194
764,9,28762,62,810,224,210,0.9831652641296388
765,9,20237,595,174,222,212,0.974025309085846
766,9,3482,563,809,285,178,0.9662680625915528
767,1431,29344,577,667,286,448,0.9927740097045898
768,1431,3543,103,240,205,202,0.9676873683929444
769,1431,16547,91,789,240,236,0.9055386185646056
770,1431,29666,648,206,221,215,0.1172855496406555
771,1357,3543,94,228,204,200,0.9808107018470764
772,1357,16547,578,168,230,226,0.980048418045044
773,1357,4542,624,814,194,186,0.9305339455604552
774,1357,27925,164,672,219,365,0.889697790145874
775,1425,31884,111,99,377,519,0.9955581426620485
776,1425,27776,180,813,172,199,0.98882395029068
777,1425,3482,567,813,264,219,0.967446744441986
778,1425,35205,614,139,226,404,0.9663523435592652
779,628,22346,678,851,210,206,0.9866891503334044
780,628,16231,140,891,197,194,0.9829681515693665
781,628,27732,564,261,303,264,0.9794961810112
782,628,3482,125,304,269,203,0.9737154245376588
783,600,36636,625,721,181,258,0.9682714343070984
784,600,33879,116,684,311,428,0.9602417945861816
785,600,3350,388,227,184,181,0.9459778666496276
786,614,22073,634,726,186,193,0.9666947722434998
787,614,3350,346,154,184,187,0.9622902274131776
788,614,19231,164,650,243,359,0.932945430278778
789,172,29666,632,180,224,214,0.9780303239822388
790,172,3482,589,845,283,170,0.971160650253296
791,172,28762,96,851,216,206,0.8945921659469604
792,172,30307,117,66,334,497,0.8165320754051208
793,172,25366,116,74,344,493,0.1178741604089737
794,1155,22346,640,860,214,207,0.9773153066635132
795,1155,3482,149,219,247,220,0.9763345718383788
796,1155,19860,639,277,219,171,0.9703248739242554
797,1155,16231,143,898,196,192,0.708962082862854
798,1155,19606,144,898,194,193,0.1217079684138298
799,1141,12080,64,115,226,430,0.9971089959144592
800,1141,25437,555,194,249,253,0.9837910532951356
801,1141,2482,65,652,308,451,0.9509726762771606
802,1141,12777,562,572,310,504,0.826088547706604
803,1196,27776,637,292,173,194,0.9888156652450562
804,1196,3482,172,279,258,212,0.9703420400619508
805,1196,28762,617,886,219,214,0.9652976989746094
806,1196,35205,139,707,236,410,0.9627197980880736
807,364,32309,585,166,243,343,0.9748996496200562
808,364,35205,102,257,351,324,0.9614373445510864
809,364,3350,407,856,190,191,0.9270466566085817
810,416,3482,574,836,260,230,0.9714595675468444
811,416,31884,81,78,312,523,0.968985915184021
812,416,19860,92,828,226,174,0.9687577486038208
813,416,16261,609,173,239,226,0.9665489792823792
814,459,2482,83,665,224,492,0.9567850232124328
815,459,12080,84,88,226,482,0.9531157612800598
816,459,3742,522,162,268,268,0.9512515664100648
817,459,12777,539,517,289,525,0.8724194765090942
818,317,33008,81,268,360,218,0.980201542377472
819,317,19606,658,833,215,210,0.836480438709259
820,465,20237,623,175,228,217,0.983489155769348
821,465,3482,593,844,280,170,0.9689760804176332
822,465,28762,155,192,215,202,0.9645182490348816
823,465,28762,99,851,217,208,0.9258238077163696
824,1126,16261,110,836,249,242,0.9798036813735962
825,1126,31884,509,732,467,476,0.9787660241127014
826,1126,3482,143,291,213,256,0.9699410796165466
827,1126,20876,545,293,326,235,0.9607104063034058
828,897,3543,676,835,214,212,0.994310736656189
829,897,16550,114,725,313,479,0.8152363300323486
830,897,29666,168,273,221,215,0.5562118887901306
831,897,29666,676,285,178,171,0.167690098285675
832,129,2482,78,646,208,484,0.9456344842910768
833,129,3742,521,149,267,268,0.9383695125579834
834,129,22361,85,74,242,391,0.9252609014511108
835,129,12777,519,548,289,520,0.6029524207115173
836,883,16231,629,218,192,186,0.9846049547195436
837,883,28762,143,230,216,204,0.9764065146446228
838,883,25468,51,857,376,218,0.9742385745048524
839,883,3482,603,843,277,190,0.9680784344673156
840,115,27732,559,256,304,268,0.9826658964157104
841,115,3482,124,306,270,202,0.9731186628341676
842,115,25366,489,652,422,454,0.9356008172035216
843,115,36636,98,879,274,183,0.123188130557537
844,667,25437,121,821,253,256,0.991564154624939
845,667,12080,647,698,239,453,0.987903892993927
846,667,2482,568,118,302,450,0.9390128254890442
847,667,19551,31,141,469,280,0.8391085863113403
848,698,38161,572,677,242,284,0.9724248051643372
849,698,3350,346,173,180,185,0.963173806667328
850,868,16231,649,231,191,179,0.9819278717041016
851,868,3482,589,845,284,170,0.9732272624969482
852,868,28762,96,851,218,206,0.969556450843811
853,868,31884,29,63,405,500,0.9465226531028748
854,28,27776,179,813,174,199,0.9903966188430786
855,28,3482,567,813,264,220,0.9692422151565552
856,28,25366,24,67,410,453,0.9668458700180054
857,28,35205,615,138,225,405,0.9607483744621276
858,1442,22346,134,177,207,198,0.9816686511039734
859,1442,27732,129,776,314,275,0.971296727657318
860,1442,3482,608,791,275,211,0.9657973647117616
861,1442,20876,620,207,262,169,0.1835903376340866
862,1330,3482,602,844,277,189,0.9693499207496644
863,1330,25468,88,830,349,299,0.9660371541976928
864,1330,35205,613,118,228,401,0.9633918404579164
865,1330,34596,91,164,448,424,0.7918918132781982
866,707,12777,533,632,354,488,0.9665849208831788
867,707,2482,68,694,256,472,0.9642766714096068
868,707,3742,547,184,270,271,0.9045858383178712
869,707,13394,116,86,226,466,0.7159109711647034
870,707,12080,115,94,230,461,0.1637219488620758
871,1293,27776,147,774,177,207,0.986258029937744
872,1293,20237,575,189,223,214,0.963115096092224
873,1293,3482,537,781,268,222,0.9621237516403198
874,1293,30307,112,83,312,451,0.9320178627967834
875,713,12777,538,593,310,525,0.9629691243171692
876,713,3742,522,163,268,266,0.9582390785217284
877,713,2482,84,665,220,489,0.9561328887939452
878,713,12080,84,88,225,483,0.8304675817489624
879,920,30307,125,123,357,424,0.9694201946258544
880,920,3482,582,758,272,211,0.9690369367599488
881,920,27732,88,723,322,285,0.9051786065101624
882,920,20876,589,200,258,171,0.4538299441337585
883,920,36636,590,200,256,171,0.1160122454166412
884,1278,38161,622,704,190,294,0.9749736785888672
885,1278,3831,150,603,312,422,0.9688378572463988
886,1278,3350,418,257,181,179,0.9383533000946044
887,1250,3742,104,811,282,285,0.981917440891266
888,1250,12777,96,63,308,520,0.9558690190315248
889,1250,13394,597,701,223,462,0.9483271241188048
890,1250,2482,601,91,220,469,0.9312887787818908
891,1244,27732,563,260,302,267,0.975894570350647
892,1244,3482,124,306,269,201,0.9728087782859802
893,1244,35205,122,735,270,399,0.969925045967102
894,1244,30307,558,686,382,436,0.9484823346138
895,908,31862,574,745,208,213,0.9786604046821594
896,908,3350,304,193,184,188,0.9554691314697266
897,539,20013,18,670,343,342,0.9802432656288148
898,539,38161,592,708,200,304,0.9688625931739808
899,539,3350,321,133,185,189,0.952138125896454
900,511,19860,640,277,219,172,0.9761391282081604
901,511,3482,150,218,248,221,0.973380208015442
902,511,25366,572,753,385,480,0.915677547454834
903,511,36636,94,904,276,166,0.7904343605041504
904,1085,16231,627,221,187,182,0.9840701818466188
905,1085,3482,625,717,210,271,0.9632401466369628
906,1085,20876,84,723,334,242,0.9562640190124512
907,1085,25366,30,131,443,408,0.880715548992157
908,277,19860,127,866,219,169,0.9768343567848206
909,277,3482,601,867,257,231,0.9693307876586914
910,277,36636,617,198,268,152,0.8182021975517273
911,277,34596,77,95,405,405,0.792341947555542
912,277,25366,74,90,411,411,0.1230855211615562
913,288,27776,179,814,173,199,0.989686906337738
914,288,16261,603,194,246,230,0.9694440364837646
915,288,3482,567,815,262,219,0.9675897359848022
916,288,30307,42,131,392,420,0.9594867825508118
917,1046,29666,623,182,224,215,0.978283166885376
918,1046,3482,651,752,209,265,0.9736667275428772
919,1046,28762,152,221,215,203,0.9584653973579408
920,1046,20876,73,799,326,240,0.9386051297187804
921,1047,29666,133,861,229,227,0.9738750457763672
922,1047,28762,626,844,221,212,0.9692314267158508
923,1047,3482,142,291,212,257,0.9680510759353638
924,1047,20876,591,258,321,242,0.9428653717041016
925,1053,2482,606,55,228,478,0.9428167343139648
926,1053,3742,105,801,275,273,0.9340399503707886
927,1053,13394,591,699,210,449,0.9278579950332642
928,1053,19551,79,76,373,470,0.6685938239097595
929,289,25437,142,843,254,258,0.9882529377937316
930,289,22361,593,743,244,406,0.9751293659210204
931,289,2482,594,86,256,472,0.9530037641525269
932,289,12777,87,36,284,541,0.8032721281051636
933,262,29666,601,176,222,214,0.9786176681518556
934,262,3482,561,809,286,179,0.9669787287712096
935,262,28762,60,809,222,210,0.9281715154647828
936,1245,3482,581,758,272,211,0.9710800647735596
937,1245,30307,50,119,367,420,0.9684226512908936
938,1245,35205,573,119,251,378,0.946528434753418
939,1245,27732,87,724,322,284,0.8776522278785706
940,1245,35205,89,723,319,285,0.1070194542407989
941,1251,12777,537,645,314,525,0.967906892299652
942,1251,3742,551,190,270,270,0.9669378995895386
943,1251,2482,80,682,233,477,0.95768803358078
944,1251,12080,142,111,205,431,0.6873841285705566
945,1251,13394,144,106,204,434,0.2881675958633423
946,1279,21770,674,286,189,180,0.9902482628822328
947,1279,1899,647,857,208,155,0.969887912273407
948,1279,16550,86,769,297,490,0.5848809480667114
949,712,3742,136,841,279,287,0.9860353469848632
950,712,13394,640,679,245,505,0.98125159740448
951,712,2482,625,109,229,462,0.9505950808525084
952,712,12777,97,106,308,532,0.931784689426422
953,706,13394,599,686,249,498,0.9807912111282348
954,706,2482,599,92,263,453,0.9498379826545716
955,706,3742,109,815,281,285,0.9295478463172911
956,706,12777,73,116,340,489,0.8772259950637817
957,1331,35205,585,111,222,391,0.976865530014038
958,1331,3482,577,813,277,189,0.9730620980262756
959,1331,25468,49,787,351,303,0.9546073079109192
960,1331,34596,74,136,438,426,0.8782075047492981
961,29,27776,146,774,177,206,0.9846715331077576
962,29,35205,586,131,220,393,0.9688452482223512
963,29,3482,536,780,269,222,0.9634236693382264
964,29,25366,8,52,398,445,0.9437271952629088
965,869,16231,620,221,189,182,0.9875734448432922
966,869,31884,19,49,393,492,0.978498637676239
967,869,3482,562,810,286,177,0.9737356305122375
968,869,28762,62,809,222,210,0.9483988881111144
969,15,16231,642,797,195,188,0.982803225517273
970,15,33879,50,783,445,276,0.9634491205215454
971,15,3350,360,247,183,183,0.9540695548057556
972,855,3742,130,812,330,330,0.9897558093070984
973,855,12777,80,118,317,536,0.9526954293251038
974,855,2482,618,81,200,460,0.9526503086090088
975,855,13394,594,704,232,459,0.941618263721466
976,100,33008,517,790,386,209,0.989674985408783
977,100,1899,133,243,194,163,0.9768815636634828
978,100,16547,585,130,231,226,0.9688432216644288
979,100,21770,43,748,307,296,0.2400691658258438
980,672,3482,602,844,279,190,0.9706475734710692
981,672,25468,88,830,349,299,0.9638380408287048
982,672,35205,616,118,226,402,0.9564840197563172
983,672,22346,107,223,204,199,0.7970302700996399
984,1480,3543,642,876,214,214,0.9938297867774964
985,1480,16547,172,833,242,238,0.9723626971244812
986,1480,27925,593,237,211,339,0.8816390037536621
987,1480,29666,158,259,219,214,0.4403812289237976
988,114,33008,530,766,378,223,0.9879525303840636
989,114,3543,109,224,206,201,0.9862464666366576
990,114,16550,128,543,308,467,0.9507535696029664
991,114,29666,603,191,219,214,0.4098514318466186
992,114,3543,604,192,218,214,0.1664894521236419
993,882,13394,645,671,236,494,0.9857974648475648
994,882,3742,148,835,277,276,0.97399240732193
995,882,2482,633,54,230,493,0.94421124458313
996,882,12777,126,79,308,519,0.8833317160606384
997,896,3543,109,232,211,202,0.9875205755233764
998,896,16550,562,49,303,464,0.931636393070221
999,896,21770,135,855,178,175,0.1074558421969413
1000,128,22361,610,775,246,412,0.9914577603340148
1001,128,3742,136,845,273,275,0.9682808518409728
1002,128,2482,643,80,207,495,0.9315810799598694
1003,128,12777,133,117,297,537,0.8917175531387329
1004,464,28762,137,185,210,200,0.9841443300247192
1005,464,28762,64,811,222,210,0.9813939332962036
1006,464,20237,594,172,222,214,0.9762446880340576
1007,464,3482,564,809,286,178,0.9688958525657654
1008,302,36636,570,713,232,226,0.9796020984649658
1009,302,3350,309,160,185,188,0.967757284641266
1010,302,19231,96,635,279,326,0.9378835558891296
1011,316,33008,556,805,377,212,0.9891913533210754
1012,316,3543,127,234,207,203,0.9824641346931458
1013,316,16547,168,790,234,230,0.8881792426109314
1014,316,29666,632,198,225,215,0.676019012928009
1015,458,13394,639,678,247,506,0.9801579117774964
1016,458,3742,136,842,280,287,0.9717794060707092
1017,458,2482,622,111,233,461,0.9532036781311036
1018,458,12777,105,146,294,562,0.9310523867607116
1019,328,31884,519,645,375,534,0.9947638511657716
1020,328,27732,559,256,304,267,0.9826751947402954
1021,328,3482,124,306,269,201,0.97264963388443
1022,328,20876,97,878,274,181,0.2224297821521759
1023,328,36636,99,879,272,182,0.2000970542430877
1024,472,3543,150,188,208,205,0.9857348203659058
1025,472,16547,628,147,236,227,0.9693920612335204
1026,472,27925,189,709,216,362,0.9491066336631776
1027,472,28762,630,850,220,135,0.8628383874893188
1028,499,16261,166,834,250,242,0.9757853150367736
1029,499,3482,124,274,271,187,0.9741492867469788
1030,499,25468,571,232,370,217,0.960580050945282
1031,499,25366,515,729,441,457,0.9555729627609252
1032,1119,3543,108,206,212,203,0.989832639694214
1033,1119,16547,645,146,233,226,0.9760617017745972
1034,1119,27925,191,707,219,363,0.9613706469535828
1035,1119,16231,633,827,175,239,0.1062889471650123
1036,1125,16261,590,228,247,229,0.9695875644683838
1037,1125,3482,608,789,274,213,0.9657504558563232
1038,1125,25366,60,155,449,430,0.9559074640274048
1039,1125,27732,122,766,319,278,0.9536383152008056
1040,658,29450,493,820,403,267,0.9916359186172484
1041,658,1899,167,246,182,183,0.9642595648765564
1042,658,21770,79,793,302,289,0.9144129753112792
1043,880,2482,77,671,230,486,0.9466146230697632
1044,880,3742,507,159,270,267,0.9460225701332092
1045,880,12777,503,598,319,514,0.7973088622093201
1046,880,12080,69,92,230,485,0.6927940249443054
1047,894,3482,623,718,211,272,0.9651548862457277
1048,894,36636,602,205,178,245,0.9491543173789978
1049,894,25366,27,30,410,434,0.945659637451172
1050,894,20876,84,724,332,241,0.9355732798576356
1051,664,28762,630,873,220,213,0.987058699131012
1052,664,36636,167,800,187,255,0.9776539206504822
1053,664,3482,141,292,213,257,0.9693265557289124
1054,664,20876,544,294,326,233,0.958826184272766
1055,102,33008,543,833,376,202,0.992493748664856
1056,102,16547,615,135,235,227,0.9746039509773254
1057,102,1899,150,254,195,164,0.965257167816162
1058,102,21770,80,794,301,289,0.1997763812541961
1059,670,3482,124,274,271,186,0.9743911027908324
1060,670,35205,133,727,248,410,0.9681540131568908
1061,670,25468,570,186,332,286,0.968020498752594
1062,670,22346,681,847,212,207,0.9669131636619568
1063,857,31862,574,745,208,213,0.9823320508003236
1064,857,16261,93,678,246,246,0.980595588684082
1065,857,3350,338,133,183,188,0.9558741450309752
1066,17,41767,562,644,271,300,0.9590986967086792
1067,17,35205,117,584,300,387,0.9576504230499268
1068,17,3350,296,165,186,190,0.9562524557113647
1069,1333,20013,579,284,339,316,0.9877946376800536
1070,1333,36636,158,284,191,244,0.97279155254364
1071,1333,3350,400,922,191,193,0.8239980936050415
1072,1455,16687,71,622,441,591,0.9738314151763916
1073,1455,3350,333,193,184,181,0.9431341886520386
1074,1441,22346,116,172,202,193,0.9822875261306764
1075,1441,3482,579,759,273,210,0.9690421223640442
1076,1441,27732,93,731,317,279,0.9640081524848938
1077,1441,20876,590,201,258,170,0.1048782542347908
1078,1327,1899,644,844,189,191,0.9853984117507936
1079,1327,16547,167,814,240,237,0.9597187638282776
1080,1327,29450,512,243,408,219,0.8737916946411133
1081,1327,24849,512,242,406,219,0.543486475944519
1082,738,1899,87,259,199,127,0.944117307662964
1083,738,16550,587,92,291,458,0.8394647836685181
1084,1284,3742,116,828,321,321,0.9935799837112428
1085,1284,13394,630,678,225,495,0.9837377071380616
1086,1284,2482,668,81,210,483,0.9437930583953856
1087,1284,12777,114,101,327,516,0.9222264885902404
1088,710,16261,562,215,240,230,0.9748350977897644
1089,710,3482,580,759,272,211,0.97111976146698
1090,710,27732,86,725,325,282,0.9547688961029052
1091,710,28762,157,232,212,201,0.9396010637283324
1092,1290,29344,592,537,270,441,0.9899735450744628
1093,1290,16547,538,139,230,226,0.9749689102172852
1094,1290,1899,161,257,126,199,0.9589821100234984
1095,1290,21770,46,726,304,294,0.8060252070426941
1096,937,3742,130,813,329,330,0.9918545484542848
1097,937,13394,594,705,231,458,0.9580038189888
1098,937,2482,618,81,199,459,0.9503862261772156
1099,937,12777,119,85,306,541,0.9277913570404052
1100,923,16261,109,836,249,242,0.9773104190826416
1101,923,3482,142,291,214,258,0.9684518575668336
1102,923,25366,538,714,434,443,0.9641470909118652
1103,923,20876,544,293,327,235,0.9616574048995972
1104,248,3742,121,829,320,320,0.9945348501205444
1105,248,22361,603,729,258,408,0.9834028482437134
1106,248,2482,627,55,209,494,0.9461970925331116
1107,274,21324,206,325,147,233,0.9832547903060912
1108,274,20013,576,255,341,320,0.97258859872818
1109,274,3350,420,890,187,190,0.52147376537323
1110,1092,33008,567,213,324,290,0.969973921775818
1111,1092,1899,651,850,209,159,0.9680830240249634
1112,1092,16547,83,913,243,240,0.8989859819412231
1113,1092,25366,133,241,243,234,0.2241840064525604
1114,506,38161,533,632,196,303,0.9741515517234802
1115,506,31862,82,699,209,212,0.9653766751289368
1116,506,3350,352,140,182,189,0.9401504397392272
1117,1079,29666,625,185,223,214,0.979167103767395
1118,1079,3482,648,755,208,266,0.9725583791732788
1119,1079,20876,70,798,324,243,0.9591748118400574
1120,1079,22346,118,218,210,199,0.9565301537513732
1121,1045,29666,593,176,221,217,0.9899221062660216
1122,1045,28762,133,213,212,200,0.9761517643928528
1123,1045,3482,623,718,212,271,0.9638164043426514
1124,1045,20876,41,754,329,250,0.9438931941986084
1125,1051,3742,551,191,270,269,0.9544332027435304
1126,1051,2482,82,682,228,477,0.9468242526054382
1127,1051,12080,142,111,205,432,0.6254285573959351
1128,1051,13394,145,105,202,434,0.4136500060558319
1129,1050,22361,612,774,244,414,0.9927571415901184
1130,1050,12777,96,164,340,483,0.9488561153411864
1131,1050,2482,645,83,207,491,0.92522931098938
1132,1050,3742,137,845,273,275,0.893394410610199
1133,1050,16231,136,847,275,273,0.1257581859827041
1134,1044,3350,355,227,181,184,0.9634335041046144
1135,1044,35205,554,703,232,409,0.9633777737617492
1136,507,31862,125,784,205,207,0.982671082019806
1137,507,38161,573,728,195,292,0.9663223028182985
1138,507,3350,393,196,185,185,0.9029884934425354
1139,1093,34596,498,691,462,441,0.9816005229949952
1140,1093,19860,638,277,220,171,0.9782959818840028
1141,1093,16261,101,852,246,241,0.9757170081138612
1142,1093,3482,149,219,247,221,0.9739007949829102
1143,275,21324,582,664,150,244,0.9704857468605042
1144,275,20013,7,642,349,346,0.956520676612854
1145,275,3350,327,150,185,189,0.9445025324821472
1146,1087,3543,133,174,203,201,0.9339584112167358
1147,1087,36636,566,679,265,448,0.747607409954071
1148,1087,16550,87,596,299,474,0.6873977780342102
1149,1087,35205,88,594,297,477,0.5003238320350647
1150,1087,29666,622,204,219,215,0.2691901624202728
1151,249,3742,491,127,310,303,0.9871309399604796
1152,249,2482,82,665,216,484,0.9504076838493348
1153,249,22361,84,115,252,391,0.8922206163406372
1154,249,12080,83,124,254,389,0.1432737708091735
1155,1252,29666,624,184,224,215,0.9816630482673644
1156,1252,3482,649,755,208,266,0.9723235964775084
1157,1252,30307,77,78,395,413,0.9662971496582032
1158,1252,20876,72,796,324,244,0.9489558339118958
1159,1246,27776,146,774,177,207,0.9838547110557556
1160,1246,34596,56,86,399,461,0.975590705871582
1161,1246,16261,573,186,242,230,0.965145468711853
1162,1246,3482,536,781,268,221,0.9597914218902588
1163,936,25437,110,841,258,266,0.9704297184944152
1164,936,2482,596,106,256,452,0.9600915908813475
1165,936,12777,103,166,335,522,0.8446840643882751
1166,936,13394,652,707,215,463,0.8181681036949158
1167,705,19860,119,865,220,170,0.9761571288108826
1168,705,3482,594,873,254,231,0.9713014364242554
1169,705,29666,638,205,224,215,0.970774471759796
1170,705,22346,120,197,210,201,0.862853467464447
1171,1326,20237,600,839,227,223,0.9680335521697998
1172,1326,3350,369,245,184,182,0.9570507407188416
1173,1332,3482,123,274,272,187,0.9736236333847046
1174,1332,35205,134,729,251,407,0.9715102314949036
1175,1332,25468,570,185,332,287,0.962822675704956
1176,1332,34596,458,649,452,440,0.9028498530387878
1177,842,16261,151,804,250,243,0.9809702038764954
1178,842,27732,563,261,304,266,0.9763546586036682
1179,842,3482,125,305,269,203,0.9726821184158324
1180,842,34596,464,668,469,433,0.9706342220306396
1181,1483,19860,638,277,220,171,0.9751723408699036
1182,1483,3482,149,219,247,221,0.97361958026886
1183,1483,28762,630,898,222,215,0.967993140220642
1184,1483,35205,106,775,300,389,0.943897306919098
1185,665,28762,130,184,212,201,0.9679360389709472
1186,665,3482,625,716,210,272,0.9671670198440552
1187,665,20876,85,726,332,239,0.949508786201477
1188,665,36636,602,203,178,246,0.9424281120300292
1189,1497,29666,608,197,221,216,0.9798769354820251
1190,1497,3482,566,839,260,233,0.970936954021454
1191,1497,19860,86,827,225,174,0.9680124521255492
1192,895,3543,91,220,206,202,0.984569251537323
1193,895,16550,533,41,298,452,0.956960678100586
1194,895,27776,584,773,226,222,0.4575413167476654
1195,895,3543,102,821,176,177,0.1383556425571441
1196,659,29450,466,783,402,273,0.9903371334075928
1197,659,1899,146,238,184,184,0.9660660028457642
1198,659,21770,44,749,305,298,0.9552595615386964
1199,1118,3543,678,858,213,214,0.9926902651786804
1200,1118,16547,103,880,238,240,0.9685938954353333
1201,1118,27925,586,233,211,339,0.3904114365577698
1202,1118,16231,198,239,171,236,0.1549275815486908
1203,315,34596,509,780,467,428,0.9809988141059875
1204,315,29666,132,858,229,227,0.9694250226020812
1205,315,3482,144,289,214,255,0.9693060517311096
1206,315,20876,592,258,324,243,0.9400253891944884
1207,463,28762,625,872,219,214,0.9746174216270448
1208,463,20237,132,868,231,227,0.9660437703132628
1209,463,3482,131,289,276,172,0.9649091958999634
1210,463,28762,673,256,214,197,0.9441771507263184
1211,477,25437,123,812,253,257,0.9903006553649902
1212,477,13394,589,716,230,492,0.9476913809776306
1213,477,2482,596,51,223,475,0.947673201560974
1214,477,12777,87,94,317,504,0.9200683236122132
1215,339,25468,86,831,349,299,0.9706018567085266
1216,339,3482,602,844,277,191,0.9682164788246156
1217,339,36636,674,171,172,255,0.959566056728363
1218,339,22346,146,234,204,198,0.948555052280426
1219,1493,21324,600,721,157,239,0.9755979776382446
1220,1493,18146,58,544,347,377,0.9631314277648926
1221,1493,3350,367,137,183,189,0.9589287638664246
1222,661,16231,687,293,190,188,0.9862025380134584
1223,661,31862,179,303,205,207,0.955960214138031
1224,661,3350,377,879,190,189,0.605006217956543
1225,675,16547,566,133,229,227,0.9751173853874208
1226,675,27925,92,615,274,486,0.954273283481598
1227,675,1899,138,240,199,128,0.9369828701019288
1228,675,20237,551,832,292,147,0.2170728892087936
1229,675,33207,548,832,296,147,0.1330708861351013
1230,113,33008,81,269,361,220,0.9770176410675048
1231,113,16550,532,228,301,456,0.9516263604164124
1232,113,19606,658,833,215,213,0.6395145058631897
1233,113,3543,658,833,215,211,0.6338543891906738
1234,891,16231,627,220,187,183,0.983896255493164
1235,891,28762,56,171,210,199,0.972017467021942
1236,891,3482,624,717,211,271,0.9637962579727172
1237,891,20876,86,726,330,239,0.9567916989326476
1238,1450,25437,122,811,254,258,0.9886026382446288
1239,1450,13394,589,715,231,493,0.9622085094451904
1240,1450,12777,101,51,306,531,0.956616222858429
1241,1450,2482,596,51,223,476,0.9457203149795532
1242,1322,2482,82,683,229,475,0.9615301489830016
1243,1322,3742,551,190,270,270,0.9538184404373168
1244,1322,12080,142,112,205,431,0.6524891257286072
1245,1322,13394,143,105,205,435,0.4907449781894684
1246,1322,12777,482,598,341,496,0.1589133143424987
1247,1444,3742,482,146,311,310,0.9936796426773072
1248,1444,2482,85,696,213,477,0.9431872367858888
1249,1444,12777,515,625,313,510,0.8548222780227661
1250,1444,13394,138,105,213,433,0.7285832762718201
1251,1444,12080,138,115,214,427,0.2027154415845871
1252,701,16231,645,175,193,185,0.9781534671783448
1253,701,19860,127,866,219,169,0.9753698706626892
1254,701,3482,601,867,256,231,0.9685335755348206
1255,701,34596,84,147,407,407,0.947594940662384
1256,1295,3482,562,810,285,177,0.969264030456543
1257,1295,35205,647,142,203,399,0.9667491316795348
1258,1295,34596,3,28,408,453,0.9145113825798036
1259,1295,28762,61,809,222,211,0.9121795892715454
1260,1242,29344,92,707,284,445,0.9896931052207948
1261,1242,16550,543,94,294,461,0.9797643423080444
1262,1242,1899,158,258,126,200,0.9146613478660583
1263,1256,1899,644,829,171,202,0.9769957661628724
1264,1256,19606,657,272,156,150,0.9615616202354432
1265,1256,16550,91,667,297,481,0.8383592367172241
1266,932,29344,543,681,335,431,0.9933761954307556
1267,932,1899,157,258,127,200,0.943321704864502
1268,932,19606,131,886,161,158,0.933301568031311
1269,932,27992,456,220,471,270,0.4929278790950775
1270,932,16550,456,221,472,269,0.1927765905857086
1271,517,31884,29,22,380,514,0.9924110174179076
1272,517,36636,643,209,188,247,0.9722357988357544
1273,517,3482,590,844,283,172,0.9720855951309204
1274,517,28762,96,851,218,208,0.9232872128486632
1275,271,22346,104,187,201,194,0.9896023869514464
1276,271,3482,624,717,211,271,0.9671893119812012
1277,271,35205,631,162,214,393,0.9575533866882324
1278,271,20876,86,725,331,240,0.9548611640930176
1279,265,16231,141,846,196,192,0.9756408929824828
1280,265,3482,133,290,275,172,0.9687343835830688
1281,265,28762,676,257,213,196,0.8728848099708557
1282,265,25366,598,670,378,486,0.8547060489654541
1283,265,20237,677,257,212,196,0.2466882467269897
1284,1097,3543,107,204,211,202,0.9872490763664246
1285,1097,27925,198,713,215,362,0.9576879143714904
1286,1097,27732,577,817,303,229,0.472670704126358
1287,1097,16550,510,127,450,328,0.4092641174793243
1288,1097,1899,576,816,305,230,0.3907689154148102
1289,1097,27732,506,127,450,323,0.3675647974014282
1290,1097,27992,509,126,452,330,0.1239869520068168
1291,503,25468,11,812,389,223,0.9749698042869568
1292,503,3482,577,812,277,191,0.9714041352272034
1293,503,30307,37,101,394,397,0.963255763053894
1294,503,20237,588,189,224,214,0.9601704478263856
1295,259,41767,111,285,269,284,0.9630834460258484
1296,259,20237,604,276,226,223,0.9629952311515808
1297,259,3350,385,895,188,191,0.7050163745880127
1298,259,20237,384,895,188,190,0.3969498574733734
1299,1069,21770,115,202,192,185,0.988139510154724
1300,1069,16547,643,163,236,229,0.9741225838661194
1301,1069,1899,624,891,205,138,0.9623353481292723
1302,1055,31884,56,41,422,474,0.9936903715133668
1303,1055,29666,648,184,218,215,0.980158269405365
1304,1055,3482,570,767,277,207,0.9686779975891112
1305,1055,27732,82,731,327,268,0.9549440741539
1306,1041,16261,166,836,247,240,0.9781266450881958
1307,1041,3482,124,274,271,187,0.9746508002281188
1308,1041,28762,653,851,221,214,0.9726765751838684
1309,1041,25468,571,232,370,217,0.9651722311973572
1310,264,3482,133,288,275,173,0.968168079853058
1311,264,29666,124,863,230,227,0.9588941931724548
1312,264,28762,678,257,211,197,0.7594205737113953
1313,264,34596,565,681,346,512,0.6913419961929321
1314,264,20237,679,257,210,198,0.4010585248470306
1315,502,3482,124,274,271,187,0.9742942452430724
1316,502,20237,140,850,231,226,0.973313808441162
1317,502,25468,572,232,369,217,0.9662379026412964
1318,502,30307,544,727,412,416,0.9513281583786012
1319,1096,3543,91,196,203,200,0.8796800374984741
1320,1096,27732,546,777,312,241,0.68327796459198
1321,1096,27925,165,671,220,367,0.5790780782699585
1322,1096,16550,481,114,438,326,0.4091483652591705
1323,1096,1899,546,779,311,240,0.3963729739189148
1324,1096,27992,482,115,440,326,0.1818740516901016
1325,516,27776,638,292,172,194,0.9899281859397888
1326,516,3482,172,279,258,212,0.969261348247528
1327,516,30307,472,702,437,374,0.9679387211799622
1328,516,35205,139,706,238,411,0.9643503427505492
1329,927,34596,64,144,424,442,0.9843977093696594
1330,927,16231,616,173,188,182,0.9788036942481996
1331,927,19860,92,827,226,175,0.9684678316116332
1332,927,3482,573,836,261,230,0.968331813812256
1333,933,29344,119,169,306,401,0.9927332401275636
1334,933,19606,667,251,154,152,0.967460036277771
1335,933,1899,687,804,132,212,0.9566161036491394
1336,933,27992,24,736,495,279,0.2798455953598022
1337,1243,35205,601,125,253,391,0.9676507711410522
1338,1243,3482,609,790,274,211,0.963923156261444
1339,1243,30307,65,136,374,429,0.9487608075141908
1340,1243,27732,124,766,317,279,0.9375325441360474
1341,728,16231,630,220,190,185,0.9892093539237976
1342,728,25468,50,856,375,219,0.9714089632034302
1343,728,3482,602,844,278,189,0.966314733028412
1344,728,25366,53,177,415,446,0.8899945616722107
1345,1294,3482,590,845,283,170,0.973909080028534
1346,1294,35205,677,151,208,407,0.9711483120918274
1347,1294,28762,96,851,219,207,0.9193145036697388
1348,1294,34596,9,50,427,450,0.8572256565093994
1349,700,16231,617,172,186,181,0.98319411277771
1350,700,3482,573,835,262,232,0.970121681690216
1351,700,19860,91,826,226,176,0.9634350538253784
1352,700,34596,69,131,388,397,0.934207022190094
1353,714,13394,632,678,233,493,0.9863878488540648
1354,714,3742,134,833,273,274,0.986010193824768
1355,714,2482,632,57,226,496,0.9576117396354676
1356,714,12777,93,62,308,546,0.9497987031936646
1357,1280,21770,90,809,195,190,0.9831076860427856
1358,1280,1899,122,261,200,148,0.9445030689239502
1359,1280,16550,571,0,286,454,0.4547551572322845
1360,13,16231,142,330,193,191,0.9833076000213624
1361,13,33879,471,241,448,276,0.9629931449890136
1362,13,3350,430,853,189,191,0.9438069462776184
1363,1323,3742,105,800,275,274,0.9622111916542052
1364,1323,13394,591,699,211,449,0.9585740566253662
1365,1323,2482,605,54,233,478,0.9442448616027832
1366,1323,12777,126,103,336,502,0.5111424326896667
1367,1337,29450,493,819,403,267,0.9945684671401978
1368,1337,1899,166,246,183,183,0.980701208114624
1369,1337,16547,576,186,236,227,0.9774962663650512
1370,1337,21770,80,793,301,288,0.8759385943412781
1371,648,27776,147,774,177,205,0.987223505973816
1372,648,36636,634,176,182,245,0.968531370162964
1373,648,3482,536,779,268,223,0.961094856262207
1374,648,34596,124,161,446,421,0.9315007925033568
1375,674,16547,151,889,240,241,0.9679676294326782
1376,674,27925,594,156,265,455,0.9622061848640442
1377,674,1899,633,895,210,134,0.959909200668335
1378,112,33008,556,804,376,213,0.988157331943512
1379,112,3543,127,235,207,201,0.9818056225776672
1380,112,16550,158,591,304,464,0.8489649295806885
1381,112,29666,633,198,223,215,0.775837779045105
1382,112,35205,158,591,305,465,0.4111033082008362
1383,1492,21324,186,276,158,230,0.970506191253662
1384,1492,18146,529,296,338,357,0.9564676880836488
1385,1492,3350,379,904,190,191,0.9378979206085204
1386,660,29450,113,214,397,264,0.9939928650856018
1387,660,1899,642,846,190,189,0.9821118116378784
1388,660,21770,612,228,295,286,0.5344757437705994
1389,1109,28762,139,223,217,203,0.9803258180618286
1390,1109,3482,591,844,282,171,0.9706659913063048
1391,1109,28762,97,851,218,206,0.9673362970352172
1392,1109,16261,622,182,245,231,0.965106725692749
1393,1121,28762,621,860,219,213,0.9765058159828186
1394,1121,3482,125,272,271,188,0.9730226397514344
1395,1121,29666,137,870,231,228,0.9723770022392272
1396,1121,25468,570,188,333,283,0.9498735666275024
1397,1135,33008,544,834,378,201,0.9898242354393004
1398,1135,1899,151,254,195,164,0.9595853686332704
1399,1135,21770,80,794,301,289,0.3927045166492462
1400,338,22346,126,223,202,196,0.9780392050743104
1401,338,36636,644,169,170,249,0.9717922806739808
1402,338,3482,575,812,280,191,0.9687618017196656
1403,338,25468,47,788,352,301,0.9499498605728148
1404,310,3543,653,890,215,212,0.9954347014427184
1405,310,12246,619,318,176,186,0.9922969937324524
1406,310,16550,104,149,313,446,0.985726237297058
1407,310,4542,138,867,210,210,0.9679431915283204
1408,462,3742,122,835,330,336,0.9926013350486756
1409,462,22361,610,732,271,419,0.9736425280570984
1410,462,2482,629,103,203,469,0.9394093751907348
1411,462,12777,130,126,306,526,0.9005845189094543
1412,304,3742,130,813,330,329,0.9921875
1413,304,12777,94,113,329,517,0.9721070528030396
1414,304,13394,594,704,233,460,0.9617798328399658
1415,304,2482,619,79,199,462,0.9547364711761476
1416,474,3543,635,875,213,214,0.9953898191452026
1417,474,16547,117,880,241,239,0.964723527431488
1418,474,28762,154,308,214,146,0.947373628616333
1419,474,27925,589,232,210,339,0.457236647605896
1420,460,3742,490,126,311,304,0.9922760128974916
1421,460,2482,88,664,206,485,0.9600417017936708
1422,460,22361,83,113,254,395,0.9127197265625
1423,460,12777,496,577,323,509,0.9032435417175292
1424,1123,16261,150,804,250,242,0.9810194373130798
1425,1123,27732,562,261,305,266,0.9778565764427184
1426,1123,3482,124,305,269,203,0.9732590317726136
1427,1123,25366,484,667,459,437,0.9562450647354126
1428,110,19860,127,866,219,169,0.9797868728637696
1429,110,3482,600,868,258,231,0.9651899933815002
1430,110,25366,43,57,383,473,0.92795991897583
1431,110,35205,584,97,287,378,0.8056547045707703
1432,662,16231,43,745,195,190,0.9816377758979796
1433,662,31862,555,725,208,211,0.9805676341056824
1434,662,3350,369,161,186,189,0.9390023946762084
1435,104,21324,618,759,174,233,0.9760766625404358
1436,104,3350,324,203,183,189,0.9553366899490356
1437,886,31862,163,284,206,206,0.975285828113556
1438,886,35205,542,262,268,385,0.955331027507782
1439,886,3350,410,892,188,191,0.4668326377868652
1440,1447,29450,464,766,414,245,0.9739121198654176
1441,1447,16547,46,790,239,236,0.9613745212554932
1442,1447,3543,101,178,206,202,0.9568448662757874
1443,1447,3543,625,191,220,216,0.2699453830718994
1444,1447,20876,462,766,418,244,0.1154166907072067
1445,879,3482,563,808,287,179,0.9660055041313172
1446,879,36636,614,202,179,243,0.9513577222824096
1447,879,28762,63,810,221,210,0.899397075176239
1448,879,34596,58,103,332,491,0.4170086085796356
1449,1453,16687,472,119,424,529,0.9768751859664916
1450,1453,3350,457,907,191,193,0.9393990635871888
1451,851,3742,122,835,330,336,0.9919437170028688
1452,851,22361,610,731,270,421,0.9787369966506958
1453,851,12777,102,129,327,514,0.9503509402275084
1454,851,2482,628,101,202,469,0.9461058974266052
1455,1309,27732,559,256,304,268,0.9867513179779052
1456,1309,28762,583,871,221,211,0.9778477549552916
1457,1309,3482,124,304,270,202,0.9735348224639891
1458,1309,29666,87,860,232,230,0.9733297228813172
1459,702,19860,638,277,219,172,0.9748088121414183
1460,702,3482,150,219,246,220,0.9736425280570984
1461,702,16231,144,899,194,191,0.9587638974189758
1462,702,34596,513,697,404,416,0.304486483335495
1463,702,25366,506,695,413,417,0.2955683171749115
1464,702,30307,511,696,403,418,0.1051117479801178
1465,1296,34596,565,731,411,477,0.971912145614624
1466,1296,3482,133,289,275,173,0.9653986692428588
1467,1296,35205,106,688,198,415,0.9561809301376344
1468,1296,28762,676,257,212,196,0.8477526307106018
1469,1296,20237,677,257,211,196,0.2791584134101867
1470,1282,3742,495,124,313,307,0.9941283464431764
1471,1282,12777,496,578,325,507,0.9796367287635804
1472,1282,2482,57,648,208,484,0.9404842853546144
1473,1282,12080,87,89,224,482,0.6998755931854248
1474,716,12080,612,717,239,461,0.9917353987693788
1475,716,3742,118,796,329,330,0.989965558052063
1476,716,2482,575,111,243,461,0.9639508724212646
1477,716,19551,94,111,331,516,0.6773598194122314
1478,716,12777,92,112,332,515,0.5717240571975708
1479,919,27732,566,259,299,268,0.9781129956245422
1480,919,3482,123,306,269,204,0.9717333912849426
1481,919,30307,487,676,374,443,0.9500652551651
1482,919,36636,99,880,272,183,0.4550090134143829
1483,1269,13899,619,761,173,259,0.9786657691001892
1484,1269,36636,218,770,207,238,0.9732354283332824
1485,1269,3350,362,232,182,182,0.907300591468811
1486,925,19860,639,277,219,171,0.9761393666267396
1487,925,34596,485,624,439,456,0.9749336838722228
1488,925,3482,150,219,246,221,0.9745930433273317
1489,925,16231,143,899,195,191,0.9504546523094176
1490,931,29344,573,717,327,426,0.9936766028404236
1491,931,19606,167,918,157,154,0.984679400920868
1492,931,1899,178,270,129,199,0.968713879585266
1493,931,16550,481,240,485,268,0.743942141532898
1494,931,27992,482,241,483,266,0.61850905418396
1495,500,16261,544,187,240,230,0.973285675048828
1496,500,3482,576,813,279,190,0.971609115600586
1497,500,25468,11,812,389,222,0.9708172082901
1498,500,25366,32,64,417,435,0.9191856980323792
1499,266,16231,649,230,192,180,0.9845885634422302
1500,266,3482,590,844,284,173,0.9729416966438292
1501,266,28762,96,850,218,208,0.9297935962677002
1502,266,25366,23,111,379,471,0.9188122749328612
1503,1080,29666,595,180,220,216,0.9890378713607788
1504,1080,22346,101,210,205,195,0.977042019367218
1505,1080,3482,619,722,213,270,0.9614180326461792
1506,1080,20876,37,755,330,249,0.9467259049415588
1507,528,19860,92,827,226,175,0.9740948677062988
1508,528,3482,574,836,260,230,0.9694947004318236
1509,528,16261,610,173,237,227,0.9653780460357666
1510,528,30307,124,65,303,445,0.9411455392837524
1511,1057,25437,109,829,254,256,0.985416829586029
1512,1057,12777,80,63,331,512,0.9704285860061646
1513,1057,2482,601,61,256,479,0.951264500617981
1514,1057,13394,644,705,211,449,0.5946210026741028
1515,1043,35205,513,606,243,412,0.9690378308296204
1516,1043,3350,313,169,184,187,0.9614935517311096
1517,299,33207,609,846,216,207,0.993168830871582
1518,299,16547,559,243,233,230,0.9752557873725892
1519,299,1899,87,260,198,126,0.9653578996658324
1520,298,33207,156,234,206,197,0.9905757904052734
1521,298,1899,682,878,212,133,0.9735312461853028
1522,298,16547,159,776,239,236,0.9732332825660706
1523,298,29344,565,176,255,421,0.1653086394071579
1524,1056,31884,66,59,444,479,0.9916995763778688
1525,1056,29666,678,189,224,213,0.9806252717971802
1526,1056,27732,116,773,325,267,0.9802907705307008
1527,1056,3482,600,800,278,204,0.9727712273597716
1528,529,22346,107,240,205,197,0.9915428161621094
1529,529,25468,51,857,373,218,0.973254919052124
1530,529,3482,602,844,278,190,0.9692615866661072
1531,529,20237,618,194,229,216,0.9662538170814514
1532,273,22346,666,876,212,207,0.9862035512924194
1533,273,20876,544,294,327,234,0.9697090983390808
1534,273,3482,142,292,212,257,0.9673572778701782
1535,273,35205,98,673,236,411,0.9547703862190248
1536,1081,1899,610,901,205,135,0.9646266102790833
1537,1081,27992,482,202,459,324,0.5184578895568848
1538,1081,25366,93,183,256,230,0.2523379325866699
1539,515,27776,181,813,172,199,0.9883694648742676
1540,515,30307,89,184,429,369,0.9710337519645692
1541,515,3482,568,812,262,219,0.9691523909568788
1542,515,35205,614,137,226,405,0.9654500484466552
1543,501,16261,571,195,248,231,0.9722389578819276
1544,501,25468,50,856,376,219,0.9685372710227966
1545,501,3482,603,845,277,189,0.968230962753296
1546,501,25366,48,79,429,442,0.9529825448989868
1547,1095,34596,44,123,455,421,0.9808330535888672
1548,1095,19860,126,866,220,169,0.9754385948181152
1549,1095,3482,601,868,257,230,0.9674519896507264
1550,1095,16261,637,178,247,229,0.9673230648040771
1551,930,3482,125,273,270,187,0.9751350283622742
1552,930,25468,572,232,369,217,0.9680487513542176
1553,930,16231,162,856,193,189,0.946657121181488
1554,930,31884,537,692,431,512,0.9450988173484802
1555,1254,29666,594,179,221,217,0.9890778660774232
1556,1254,30307,62,66,383,402,0.963693380355835
1557,1254,3482,620,721,213,270,0.9612771272659302
1558,1254,20876,38,753,328,252,0.9457834959030152
1559,717,12080,114,111,219,426,0.9964284300804138
1560,717,3742,494,165,311,304,0.9905893802642822
1561,717,12777,518,598,336,502,0.9797449707984924
1562,717,2482,85,667,253,473,0.9608973860740662
1563,1297,3543,644,919,214,215,0.9951764345169068
1564,1297,4542,686,273,184,175,0.9830487966537476
1565,1297,16547,152,244,229,226,0.976574718952179
1566,1297,4542,158,889,211,212,0.9721593260765076
1567,10,1899,643,843,190,191,0.985948085784912
1568,10,29450,103,235,410,218,0.97959303855896
1569,10,16547,103,807,240,238,0.964139759540558
1570,10,21770,643,288,187,182,0.9207608103752136
1571,10,24849,103,236,407,216,0.1835590898990631
1572,688,34596,100,188,461,402,0.9763929843902588
1573,688,3482,579,758,274,212,0.969673216342926
1574,688,20237,612,184,223,215,0.9646940231323242
1575,688,27732,87,724,324,284,0.9516202807426452
1576,38,31884,112,36,398,495,0.9950276017189026
1577,38,35205,627,162,211,393,0.9664175510406494
1578,38,3482,625,717,210,271,0.9642804265022278
1579,38,20876,83,725,334,241,0.9638295769691468
1580,878,36636,643,208,189,248,0.9719259142875672
1581,878,3482,592,845,283,169,0.9707987308502196
1582,878,28762,98,852,215,206,0.8687161207199097
1583,878,34596,74,128,342,490,0.3953545391559601
1584,1452,25437,124,822,259,269,0.9832409620285034
1585,1452,13394,599,714,234,513,0.9617109298706056
1586,1452,12777,104,84,302,536,0.935546875
1587,1452,2482,592,86,206,466,0.9063411355018616
1588,1446,3742,129,803,322,319,0.9906253814697266
1589,1446,2482,625,31,202,485,0.9470457434654236
1590,1446,13394,586,703,222,445,0.945627748966217
1591,1446,12777,112,55,315,520,0.914810597896576
1592,139,31884,10,58,395,490,0.9959030747413636
1593,139,3482,576,813,278,190,0.972838819026947
1594,139,35205,586,112,221,390,0.9722124934196472
1595,139,25468,47,788,351,302,0.964015781879425
1596,1485,19860,126,866,220,169,0.977104902267456
1597,1485,3482,601,867,257,232,0.968347430229187
1598,1485,28762,148,167,215,201,0.967390775680542
1599,1485,35205,585,97,283,376,0.7771018147468567
1600,677,16550,617,17,300,449,0.9936676621437072
1601,677,27925,567,634,270,483,0.9777665138244628
1602,677,1899,140,241,198,127,0.922418773174286
1603,677,21770,17,697,303,295,0.6701834201812744
1604,1136,1899,643,854,204,174,0.9806880950927734
1605,1136,33008,88,257,367,208,0.9796746373176576
1606,1136,16550,87,706,293,488,0.2624803781509399
1607,449,34596,41,135,394,475,0.980918824672699
1608,449,3482,591,845,283,170,0.9712761640548706
1609,449,16261,622,183,243,230,0.966971218585968
1610,449,28762,96,850,219,208,0.9290646314620972
1611,475,25437,124,822,259,269,0.9891358613967896
1612,475,13394,599,713,234,514,0.9585922360420228
1613,475,12777,90,119,318,511,0.9301583766937256
1614,475,2482,592,88,206,464,0.9090402722358704
1615,313,29666,594,180,221,216,0.987803280353546
1616,313,34596,16,26,449,407,0.9686347246170044
1617,313,3482,620,722,212,270,0.9604382514953612
1618,313,20876,37,754,329,251,0.9432767033576964
1619,336,22346,165,231,204,197,0.9883633255958556
1620,336,16231,656,231,191,178,0.9811184406280518
1621,336,3482,651,750,210,266,0.973428189754486
1622,336,20876,116,768,330,231,0.9633134603500366
1623,444,25437,111,840,257,267,0.9809245467185974
1624,444,2482,597,106,255,450,0.9667106866836548
1625,444,12777,81,78,337,473,0.9270668625831604
1626,444,13394,652,708,216,461,0.793582022190094
1627,493,19606,683,901,162,161,0.9835343956947328
1628,493,1899,187,289,198,159,0.9383416175842284
1629,493,16547,123,884,243,240,0.9187279343605042
1630,487,27732,122,767,319,276,0.9742154479026794
1631,487,31884,91,56,406,498,0.9722654223442078
1632,487,16231,648,185,191,178,0.9672462940216064
1633,487,3482,608,790,274,211,0.9640327095985411
1634,108,25437,143,843,253,258,0.9909879565238952
1635,108,22361,593,743,245,407,0.9771295189857484
1636,108,2482,594,86,253,472,0.9489781260490416
1637,108,12777,94,40,311,527,0.9467435479164124
1638,1488,21324,212,825,199,200,0.9853116273880004
1639,1488,31862,627,831,205,206,0.9806692004203796
1640,1488,3350,392,206,184,184,0.932401478290558
1641,652,24849,112,840,305,172,0.9768362641334534
1642,652,1899,124,258,199,150,0.9624630212783812
1643,652,16550,565,67,287,460,0.9272952675819396
1644,134,31884,42,15,353,511,0.996257781982422
1645,134,3482,562,811,285,176,0.971059262752533
1646,134,35205,647,142,202,400,0.9693267345428468
1647,134,28762,62,810,221,211,0.912505865097046
1648,120,16687,114,679,454,584,0.9783793687820436
1649,120,13899,689,798,224,215,0.9597852826118468
1650,120,3350,334,254,184,182,0.9404461979866028
1651,646,27776,638,292,173,195,0.984069049358368
1652,646,36636,130,829,194,255,0.9751887917518616
1653,646,34596,400,632,457,432,0.9749829173088074
1654,646,3482,173,279,258,212,0.9702306985855104
1655,875,16231,655,232,190,178,0.9823777675628662
1656,875,3482,652,750,208,266,0.9716755151748656
1657,875,20876,116,767,331,231,0.9647402167320251
1658,875,31884,157,184,451,475,0.9504453539848328
1659,861,12080,654,701,251,469,0.9963041543960572
1660,861,19551,74,93,340,464,0.9880226850509644
1661,861,25437,122,832,259,267,0.9817874431610109
1662,861,2482,565,153,303,439,0.9562633633613586
1663,1305,16550,80,674,328,462,0.9909070730209352
1664,1305,27925,594,157,266,455,0.9591911435127258
1665,1305,1899,633,895,209,135,0.9302202463150024
1666,1463,20237,622,177,229,216,0.97890305519104
1667,1463,3482,592,845,281,171,0.9729230999946594
1668,1463,25366,59,124,412,449,0.9637336134910583
1669,1463,28762,97,850,220,209,0.8899580836296082
1670,1477,36636,89,230,237,214,0.9670938849449158
1671,1477,3350,651,288,183,183,0.9008973836898804
1672,685,25437,119,819,253,257,0.9897165894508362
1673,685,12080,647,698,236,457,0.9858477115631104
1674,685,2482,569,119,300,450,0.9477400183677672
1675,685,12777,90,2,303,531,0.7940906286239624
1676,1311,29666,639,176,219,216,0.9808921217918396
1677,1311,3482,580,759,273,211,0.9703218340873718
1678,1311,28762,175,187,211,200,0.96989768743515
1679,1311,27732,94,732,318,279,0.9616516828536988
1680,726,16547,140,774,235,229,0.9733343124389648
1681,726,3543,149,181,206,205,0.9669678807258606
1682,726,29666,605,170,223,215,0.6452665328979492
1683,726,29344,598,716,263,443,0.3867296874523163
1684,732,3543,667,899,216,212,0.9933951497077942
1685,732,16547,606,265,231,224,0.9436323046684264
1686,732,27732,168,277,204,214,0.5616543889045715
1687,732,4542,132,915,211,214,0.4937900602817535
1688,732,19860,168,277,205,215,0.1196027249097824
1689,915,13899,597,798,196,242,0.977689564228058
1690,915,35205,88,709,336,349,0.940525472164154
1691,915,3350,411,179,184,184,0.9386644959449768
1692,1265,31862,81,704,208,213,0.977203130722046
1693,1265,36636,507,662,207,251,0.973011314868927
1694,1265,3350,356,177,182,188,0.937908411026001
1695,929,16231,602,213,184,182,0.9874323606491088
1696,929,25468,11,812,389,222,0.9803518652915956
1697,929,31884,27,49,409,478,0.9793270230293274
1698,929,3482,577,812,278,191,0.9698767066001892
1699,518,31884,20,10,364,506,0.9899972677230836
1700,518,3482,563,809,284,179,0.9700934886932372
1701,518,28762,62,810,222,211,0.9507815837860109
1702,518,36636,614,203,180,243,0.9447530508041382
1703,1098,3543,677,862,215,212,0.9846405982971193
1704,1098,16550,22,786,466,345,0.4544032216072082
1705,1098,1899,124,256,294,232,0.25186288356781
1706,1098,27992,21,786,466,346,0.1019080653786659
1707,530,22346,680,832,211,205,0.984253466129303
1708,530,20237,139,849,231,227,0.9760180711746216
1709,530,3482,125,273,270,188,0.9745696187019348
1710,530,25468,572,231,369,217,0.9678376317024232
1711,256,25437,543,177,246,254,0.9820222854614258
1712,256,12777,486,645,332,511,0.971080720424652
1713,256,2482,57,668,209,483,0.9632778763771056
1714,256,13394,116,86,222,470,0.3698219656944275
1715,256,12080,114,94,226,467,0.3226180672645569
1716,1073,27776,145,772,178,206,0.9842979311943054
1717,1073,22346,115,197,201,196,0.9797128438949584
1718,1073,3482,534,778,270,223,0.9599452018737792
1719,1073,36636,636,176,180,244,0.9599202871322632
1720,1067,16261,115,846,252,241,0.979062795639038
1721,1067,31884,559,674,397,530,0.973871886730194
1722,1067,3482,132,290,276,172,0.9697073101997375
1723,1067,28762,676,257,213,197,0.8498244881629944
1724,295,16231,641,296,195,192,0.9752283692359924
1725,295,20013,123,192,341,316,0.961515247821808
1726,295,3350,413,863,187,191,0.9268293976783752
1727,280,16231,134,290,188,191,0.9770007729530334
1728,280,3831,431,274,398,353,0.9722299575805664
1729,280,3350,409,866,188,191,0.9273890852928162
1730,531,22346,89,229,202,195,0.9731176495552064
1731,531,3482,575,811,281,192,0.9710322618484496
1732,531,25468,12,813,388,221,0.9689791798591614
1733,531,20237,589,188,224,214,0.9601432085037231
1734,243,18146,143,646,320,406,0.971158504486084
1735,243,20237,624,768,227,225,0.9707720279693604
1736,243,3350,379,184,185,184,0.961672842502594
1737,525,28762,637,864,220,213,0.9857630729675292
1738,525,27732,564,261,304,264,0.9827684760093688
1739,525,16231,140,892,196,193,0.9793492555618286
1740,525,3482,124,304,270,203,0.9735302329063416
1741,519,31884,597,702,379,537,0.9820510149002076
1742,519,36636,151,803,192,253,0.9783153533935548
1743,519,3482,131,288,275,173,0.968031108379364
1744,519,28762,676,256,212,197,0.8665313124656677
1745,519,20237,677,257,211,196,0.4403859972953796
1746,1264,36636,228,318,203,238,0.969042420387268
1747,1264,31862,637,320,205,206,0.9403963088989258
1748,1264,3350,392,862,189,191,0.5664604306221008
1749,1270,27925,144,140,260,461,0.9705051779747008
1750,1270,1899,631,895,210,134,0.96334046125412
1751,1270,16547,116,851,241,240,0.9621618390083312
1752,914,13899,556,707,203,250,0.9698545932769777
1753,914,35205,43,614,343,356,0.9635509252548218
1754,914,3350,369,124,183,187,0.9564328789711
1755,900,12246,648,203,179,192,0.9950084686279296
1756,900,3543,135,176,208,204,0.9883197546005248
1757,900,27925,595,634,264,474,0.980705976486206
1758,900,16547,108,819,237,230,0.9740508794784546
1759,727,16231,602,213,184,182,0.9847211241722108
1760,727,25468,11,811,391,224,0.9764629602432252
1761,727,3482,576,812,279,191,0.9709975719451904
1762,727,25366,35,156,407,442,0.8210939764976501
1763,1476,34596,51,76,432,431,0.977128267288208
1764,1476,3482,581,757,274,212,0.9700379967689514
1765,1476,27732,89,724,320,283,0.9198251962661744
1766,1476,20876,589,200,258,171,0.3880804479122162
1767,684,16550,523,91,370,433,0.997774302959442
1768,684,29344,574,717,325,427,0.993503987789154
1769,684,1899,181,267,130,200,0.965837299823761
1770,1462,3482,132,289,275,173,0.9688942432403564
1771,1462,20237,133,868,230,227,0.96875661611557
1772,1462,28762,675,256,213,198,0.955114483833313
1773,1462,25366,518,678,426,461,0.9194518327713012
1774,874,16231,627,221,186,182,0.9841763973236084
1775,874,31884,140,157,435,470,0.9717656970024108
1776,874,3482,626,718,208,270,0.9595661759376526
1777,874,20876,83,724,334,242,0.9564408659934998
1778,647,27776,180,812,173,200,0.9849547147750854
1779,647,36636,665,179,182,249,0.9690303802490234
1780,647,3482,566,812,265,220,0.965695321559906
1781,647,34596,142,189,456,418,0.9333139657974244
1782,653,24849,545,266,294,164,0.9756382703781128
1783,653,1899,646,857,207,157,0.9727837443351746
1784,653,16550,91,698,306,479,0.8981963992118835
1785,135,31884,55,26,367,521,0.9938579201698304
1786,135,3482,591,846,282,169,0.9736391305923462
1787,135,35205,676,151,209,407,0.9678107500076294
1788,135,28762,96,851,218,208,0.9170961380004884
1789,1489,20237,183,279,227,219,0.9591735005378724
1790,1489,20013,533,286,343,320,0.9425191283226012
1791,1489,3350,402,850,189,191,0.55045485496521
1792,109,19860,638,277,220,171,0.9777552485466005
1793,109,3482,149,219,247,220,0.9733851552009584
1794,109,35205,105,774,301,390,0.92998468875885
1795,109,25366,580,723,371,491,0.8461158871650696
1796,486,32309,663,634,293,342,0.9755034446716307
1797,486,16687,72,620,440,595,0.9727898240089417
1798,486,3350,369,206,185,182,0.9502201676368712
1799,323,22346,656,876,212,206,0.9787138104438782
1800,323,36636,150,803,193,253,0.977713406085968
1801,323,3482,132,289,276,172,0.9681049585342408
1802,323,28762,679,256,209,196,0.9443663358688354
1803,337,36636,130,829,183,262,0.9742975234985352
1804,337,3482,125,272,270,188,0.9731797575950624
1805,337,22346,642,836,211,206,0.9655968546867372
1806,337,25468,571,187,332,284,0.9537888169288636
1807,479,27776,147,774,177,205,0.983625054359436
1808,479,36636,635,176,181,244,0.9762780070304872
1809,479,3482,535,779,270,223,0.9612541198730468
1810,479,25366,61,85,376,468,0.9476160407066344
1811,335,22346,623,839,210,205,0.97770893573761
1812,335,3482,142,292,212,257,0.9678778648376464
1813,335,16231,133,847,196,191,0.9677716493606568
1814,335,20876,543,293,327,235,0.9660449624061584
1815,1138,34596,29,94,374,473,0.9830036163330078
1816,1138,20237,594,173,222,213,0.9750325679779052
1817,1138,3482,564,809,286,177,0.9663189649581908
1818,1138,28762,63,810,223,212,0.948935091495514
1819,484,16687,475,118,418,534,0.9700342416763306
1820,484,32309,27,328,288,319,0.9687219262123108
1821,484,3350,421,895,187,191,0.9030248522758484
1822,679,3742,104,812,282,283,0.9832774996757508
1823,679,12777,129,143,347,488,0.9398337006568908
1824,679,2482,600,92,221,469,0.9354397058486938
1825,679,13394,597,702,223,461,0.92753005027771
1826,889,28762,712,889,217,210,0.98017817735672
1827,889,20876,543,294,327,233,0.9698099493980408
1828,889,3482,141,292,212,256,0.9691716432571412
1829,889,16231,133,846,196,192,0.9663628339767456
1830,862,36636,673,171,173,256,0.9745902419090272
1831,862,25468,87,831,347,298,0.9715198874473572
1832,862,3482,601,844,279,191,0.96708083152771
1833,862,34596,77,133,450,420,0.8223155736923218
1834,1312,12777,70,46,328,493,0.953602969646454
1835,1312,2482,611,50,254,474,0.9533833265304564
1836,1312,13394,595,683,238,489,0.90560644865036
1837,1312,3742,108,804,275,274,0.8979121446609497
1838,1312,16231,108,804,274,274,0.1947789043188095
1839,1474,3482,609,788,276,212,0.9640831351280212
1840,1474,34596,64,102,444,430,0.9604685306549072
1841,1474,27732,124,766,318,278,0.9553543329238892
1842,1474,20876,618,205,263,172,0.4714032709598541
1843,1460,12080,71,119,222,441,0.994355857372284
1844,1460,3742,548,189,272,271,0.9782182574272156
1845,1460,12777,535,570,327,486,0.9706357717514038
1846,1460,2482,49,701,251,472,0.960930585861206
1847,692,22346,658,835,211,207,0.9804835319519044
1848,692,3482,133,289,275,173,0.9677557945251464
1849,692,35205,106,688,198,415,0.9499143362045288
1850,692,28762,677,257,212,196,0.917277991771698
1851,719,21770,90,809,194,190,0.9767714738845824
1852,719,1899,122,261,199,148,0.9745293259620668
1853,719,16547,552,180,230,228,0.9710684418678284
1854,731,3543,101,160,205,199,0.990716516971588
1855,731,16547,118,768,240,232,0.9585305452346802
1856,731,27732,603,770,208,224,0.8702719807624817
1857,731,4542,609,139,205,201,0.3298452496528625
1858,725,16547,618,300,230,226,0.9806315898895264
1859,725,3543,635,883,215,215,0.9712698459625244
1860,916,16231,140,892,197,193,0.985481321811676
1861,916,27732,563,261,304,265,0.9814615845680236
1862,916,3482,124,304,270,204,0.9731926321983336
1863,916,25366,502,684,455,422,0.9650479555130004
1864,1500,38161,196,734,188,297,0.9787928462028505
1865,1500,3350,351,237,183,181,0.9605002999305724
1866,1272,16547,630,176,236,227,0.9800613522529602
1867,1272,27925,593,676,267,481,0.9744914770126344
1868,1272,1899,157,251,204,123,0.948574423789978
1869,1272,21770,49,740,301,289,0.7724776268005371
1870,533,3742,73,801,323,321,0.9881183505058287
1871,533,19551,115,71,386,431,0.9867161512374878
1872,533,2482,602,75,283,464,0.9469197988510132
1873,533,13394,599,698,239,490,0.9410542845726012
1874,527,19860,127,866,219,169,0.9815466403961182
1875,527,16261,637,177,246,232,0.9662972688674928
1876,527,3482,601,867,256,231,0.9649496078491212
1877,527,30307,139,75,315,463,0.963956654071808
1878,241,20237,128,325,229,222,0.9641647934913636
1879,241,18146,516,256,307,385,0.963143825531006
1880,241,3350,411,913,189,190,0.9236186742782592
1881,1058,25437,110,841,258,266,0.9800407886505128
1882,1058,12777,86,103,327,507,0.9719128608703612
1883,1058,2482,597,105,253,451,0.9575083255767822
1884,1058,13394,655,707,212,463,0.6487260460853577
1885,1064,25468,50,856,375,219,0.9703785181045532
1886,1064,34596,58,132,455,418,0.9701811075210572
1887,1064,3482,602,844,278,190,0.9678337574005128
1888,1064,20237,617,194,231,219,0.9656761884689332
1889,1070,21770,687,883,197,190,0.993755340576172
1890,1070,16547,102,863,241,240,0.9568439722061156
1891,1070,1899,174,282,204,139,0.939268946647644
1892,1065,3482,124,273,271,188,0.9738548994064332
1893,1065,34596,484,684,461,438,0.9671599864959716
1894,1065,25468,572,232,369,217,0.9655050039291382
1895,1065,20237,139,850,232,226,0.9563570022583008
1896,526,19860,638,277,220,171,0.9762189984321594
1897,526,3482,149,219,247,221,0.9745202660560608
1898,526,16261,101,852,246,241,0.971627712249756
1899,526,30307,551,710,307,472,0.9551520943641664
1900,532,3742,74,812,325,328,0.9918461441993712
1901,532,19551,120,116,376,422,0.9883254766464232
1902,532,13394,612,696,232,504,0.9749649167060852
1903,532,2482,591,121,291,437,0.950113832950592
1904,1273,25437,553,203,249,251,0.9780678153038024
1905,1273,2482,103,683,226,480,0.9538636803627014
1906,1273,13394,118,49,228,478,0.7311686873435974
1907,1273,12777,543,595,294,520,0.3980259895324707
1908,724,16547,107,735,237,235,0.9709422588348388
1909,724,3543,131,175,205,202,0.92485910654068
1910,724,36636,570,677,264,449,0.1747961491346359
1911,724,29666,577,166,218,213,0.1004340648651123
1912,1298,3543,140,144,207,201,0.986126720905304
1913,1298,16547,618,828,235,229,0.9704309701919556
1914,1298,4542,116,861,189,180,0.9667035937309264
1915,1461,12080,643,690,232,453,0.9911734461784364
1916,1461,3742,105,800,278,275,0.9756205677986144
1917,1461,12777,67,134,328,495,0.974762797355652
1918,1461,2482,624,42,245,468,0.9630581140518188
1919,23,3482,562,809,286,178,0.9696884751319884
1920,23,16261,593,177,241,229,0.9668865203857422
1921,23,28762,62,810,223,209,0.9530989527702332
1922,23,25366,22,90,418,435,0.9214969873428344
1923,1449,29450,491,804,410,238,0.9735230803489684
1924,1449,3543,118,183,209,206,0.967524528503418
1925,1449,16547,82,831,235,230,0.9570091366767884
1926,1449,16547,655,198,225,214,0.1706919074058532
1927,136,1899,650,851,209,159,0.9546351432800292
1928,136,33008,568,213,322,290,0.9192115664482116
1929,136,16550,80,659,310,474,0.7663544416427612
1930,136,25366,134,241,243,237,0.2855786085128784
1931,136,35205,82,656,308,477,0.1967595666646957
1932,888,31862,610,835,206,206,0.9827376008033752
1933,888,35205,165,644,259,397,0.954111874103546
1934,888,3350,380,206,186,183,0.9092355370521544
1935,650,32309,0,705,310,316,0.9700613021850586
1936,650,36636,561,823,272,167,0.9643200039863586
1937,650,3350,368,176,180,185,0.9640102386474608
1938,644,3742,485,119,310,306,0.9954674243927002
1939,644,2482,57,655,221,480,0.9405838251113892
1940,644,12777,493,605,290,537,0.8633818626403809
1941,644,12080,75,92,233,485,0.6598365902900696
1942,122,29666,589,168,220,216,0.9755297899246216
1943,122,3482,574,812,279,191,0.9701345562934875
1944,122,25366,52,90,371,475,0.9459626078605652
1945,122,25468,46,788,355,299,0.9395883083343506
1946,1105,22346,112,211,206,198,0.995539367198944
1947,1105,35205,603,125,253,391,0.9756964445114136
1948,1105,27732,123,767,316,276,0.9718994498252868
1949,1105,3482,609,790,275,211,0.967227578163147
1950,485,32309,624,533,288,344,0.9711360335350036
1951,485,16687,36,516,445,595,0.9592907428741456
1952,485,3350,327,146,185,188,0.9496861100196838
1953,1111,29666,601,176,222,213,0.9827637672424316
1954,1111,3482,561,809,286,179,0.969770610332489
1955,1111,28762,115,188,210,199,0.9658846855163574
1956,1111,28762,61,810,222,209,0.9580274224281312
1957,452,1899,643,844,189,191,0.9792371988296508
1958,452,16550,137,641,306,479,0.9384742975234984
1959,452,29450,512,243,408,218,0.7797792553901672
1960,452,24849,513,242,406,219,0.449999988079071
1961,334,22346,147,222,199,195,0.990773856639862
1962,334,16231,627,220,187,183,0.9847885370254515
1963,334,3482,624,716,210,272,0.9650768041610718
1964,334,20876,86,725,331,240,0.957801342010498
1965,320,3482,625,717,209,271,0.9671542048454284
1966,320,35205,633,164,213,392,0.957751989364624
1967,320,20876,84,725,334,241,0.9572548270225524
1968,320,28762,136,195,210,200,0.9521890878677368
1969,308,36636,117,711,191,263,0.981049418449402
1970,308,41767,562,603,275,300,0.9566180109977722
1971,308,3350,289,205,183,189,0.9481803178787231
1972,324,22346,132,194,203,198,0.9707150459289552
1973,324,3482,591,844,282,171,0.970140278339386
1974,324,36636,644,209,188,247,0.9629019498825072
1975,324,28762,97,851,217,207,0.952570378780365
1976,456,13394,591,684,247,499,0.980699896812439
1977,456,12777,138,104,295,530,0.950000524520874
1978,456,3742,93,804,282,285,0.947404682636261
1979,456,2482,590,66,212,464,0.9464871883392334
1980,1115,3482,563,810,286,178,0.9706358909606934
1981,1115,35205,647,142,203,400,0.9688100814819336
1982,1115,30307,38,123,382,405,0.968137800693512
1983,1115,28762,62,809,222,211,0.8888425230979919
1984,481,13394,640,678,244,506,0.9836990833282472
1985,481,3742,136,841,278,287,0.9833551049232484
1986,481,12777,73,95,318,508,0.9521628618240356
1987,481,2482,625,111,230,462,0.9450562000274658
1988,1101,31884,64,126,438,485,0.9887115955352784
1989,1101,27776,178,811,174,200,0.9838789701461792
1990,1101,3482,565,812,265,221,0.965761125087738
1991,1101,36636,665,180,182,248,0.9644438028335572
1992,1129,22346,680,826,212,207,0.9869056344032288
1993,1129,27732,565,259,303,266,0.982824683189392
1994,1129,3482,124,304,270,204,0.9737420678138732
1995,1129,20237,112,853,232,228,0.9609829187393188
1996,126,21770,98,194,189,182,0.9915044903755188
1997,126,1899,596,857,210,146,0.9656184911727904
1998,126,16550,596,31,341,426,0.9184312224388124
1999,640,20237,95,297,228,222,0.9689289331436156
2000,640,3831,482,285,408,341,0.9607293009757996
2001,640,3350,406,918,188,192,0.9448863863945008
2002,898,12246,622,206,173,186,0.9969494938850404
2003,898,27925,565,586,273,484,0.983014702796936
2004,898,3543,119,171,205,199,0.9713504910469056
2005,898,16547,73,777,240,234,0.9601970911026
2006,654,1899,142,269,200,147,0.9648704528808594
2007,654,24849,146,878,301,165,0.9431850910186768
2008,654,16550,591,77,297,470,0.5757975578308105
2009,654,36636,622,736,259,444,0.2660615146160126
2010,132,27776,179,812,174,201,0.9887201189994812
2011,132,36636,665,180,182,248,0.973298192024231
2012,132,30307,28,175,461,313,0.9676944017410278
2013,132,3482,567,812,263,220,0.9672709703445436
2014,668,12080,63,116,225,429,0.9972549080848694
2015,668,25437,554,194,250,252,0.981626033782959
2016,668,2482,64,653,309,450,0.9586819410324096
2017,668,19551,432,778,485,294,0.3033653497695923
2018,697,38161,137,258,231,266,0.9756562113761902
2019,697,3350,403,855,190,191,0.8002961277961731
2020,867,16687,70,624,435,584,0.9749287962913512
2021,867,3831,517,657,385,366,0.9686195850372314
2022,867,3350,346,232,184,184,0.953416109085083
2023,27,25437,123,821,259,267,0.9867839813232422
2024,27,13394,598,712,232,512,0.9696911573410034
2025,27,2482,598,83,204,470,0.9030215740203856
2026,27,12777,73,93,306,518,0.8792564868927002
2027,873,16687,69,624,438,585,0.9696496725082396
2028,873,18146,614,672,285,423,0.9662833213806152
2029,873,3350,345,224,183,184,0.9530311822891236
2030,1459,12080,648,693,243,466,0.993970274925232
2031,1459,12777,72,155,324,508,0.976655900478363
2032,1459,3742,105,809,284,288,0.9740303158760072
2033,1459,2482,622,81,230,454,0.9576846361160278
2034,720,21770,674,286,188,180,0.9912893772125244
2035,720,1899,648,856,207,155,0.97580087184906
2036,720,16547,166,841,240,238,0.974133551120758
2037,708,2482,612,52,253,472,0.9559109210968018
2038,708,12777,65,79,347,489,0.9364664554595948
2039,708,13394,596,683,238,490,0.9362053871154784
2040,708,3742,108,804,275,274,0.7444295883178711
2041,708,16231,109,804,273,274,0.5737898349761963
2042,1263,22346,647,900,210,208,0.98369562625885
2043,1263,3482,133,288,275,173,0.9721365571022034
2044,1263,16231,140,845,197,192,0.968072772026062
2045,1263,28762,678,257,211,196,0.8705611228942871
2046,536,31884,66,124,399,494,0.9940621256828308
2047,536,36636,644,170,169,248,0.9774352312088012
2048,536,3482,574,812,279,191,0.970753252506256
2049,536,25468,48,788,350,301,0.9492239356040956
2050,250,29666,129,206,226,223,0.9747264385223388
2051,250,3350,378,850,189,189,0.8730257749557495
2052,244,3543,127,169,210,202,0.9704360365867616
2053,244,27925,197,715,218,362,0.9639668464660645
2054,244,33207,650,883,137,130,0.3192715644836426
2055,244,21770,650,882,137,131,0.1483118385076522
2056,522,27776,177,812,174,199,0.987251877784729
2057,522,29666,629,162,226,216,0.981962502002716
2058,522,3482,565,813,265,220,0.9639883041381836
2059,522,28762,163,159,215,202,0.9465216994285583
2060,278,19860,639,277,219,171,0.975639820098877
2061,278,3482,150,219,247,221,0.974908411502838
2062,278,25366,513,742,423,424,0.6748366355895996
2063,278,36636,93,905,277,166,0.6618896722793579
2064,287,27776,638,291,174,195,0.9859043955802916
2065,287,16261,136,836,250,242,0.9769161343574524
2066,287,3482,172,277,259,212,0.966834843158722
2067,287,30307,568,704,394,424,0.941728413105011
2068,1075,3543,101,161,205,198,0.9911291599273682
2069,1075,16550,96,601,339,454,0.9647438526153564
2070,1075,27732,603,770,208,225,0.4105043113231659
2071,1075,4542,609,140,203,200,0.1751651912927627
2072,286,27776,146,774,177,207,0.9878163933753968
2073,286,16261,572,185,244,231,0.9695138335227966
2074,286,30307,27,114,378,411,0.9636521339416504
2075,286,3482,535,781,269,222,0.9623920917510986
2076,1060,25437,554,206,250,251,0.9803699254989624
2077,1060,2482,109,683,211,482,0.9558625817298888
2078,1060,12777,529,639,358,475,0.9126333594322203
2079,1060,13394,121,49,227,479,0.5676246285438538
2080,292,25437,545,175,248,255,0.9812471270561218
2081,292,12777,540,589,325,507,0.9768726825714112
2082,292,2482,64,666,206,478,0.957095503807068
2083,292,12080,117,93,221,465,0.4092746675014496
2084,292,13394,120,85,216,469,0.2531338334083557
2085,537,31884,515,599,402,518,0.99257493019104
2086,537,36636,131,830,182,261,0.975376546382904
2087,537,3482,126,272,270,188,0.9723374247550964
2088,537,25468,571,187,332,285,0.9654055833816528
2089,251,29666,586,793,233,233,0.9796421527862548
2090,251,3350,369,177,183,188,0.9611303210258484
2091,906,27732,564,261,303,266,0.9762903451919556
2092,906,3482,124,304,270,204,0.9729747772216796
2093,906,20237,112,854,232,228,0.9627298712730408
2094,906,30307,550,720,291,486,0.3547540009021759
2095,906,27925,548,719,292,484,0.1215903237462043
2096,912,27776,143,772,179,205,0.9858542084693908
2097,912,29666,599,160,222,216,0.984153926372528
2098,912,3482,534,780,268,222,0.960792362689972
2099,912,25366,29,112,434,411,0.952006995677948
2100,1262,22346,124,164,200,193,0.9853488802909852
2101,1262,16231,620,220,189,183,0.9847449660301208
2102,1262,28762,61,810,223,210,0.982448935508728
2103,1262,3482,562,808,286,180,0.9696581959724426
2104,721,31884,63,166,451,461,0.9938667416572572
2105,721,3482,580,759,273,210,0.9705140590667723
2106,721,35205,570,120,255,378,0.883448600769043
2107,721,27732,87,724,326,284,0.6926335692405701
2108,721,35205,89,724,318,283,0.3521743714809418
2109,32,3543,674,827,213,210,0.9638662338256836
2110,32,4542,163,279,182,178,0.95147305727005
2111,32,27925,584,228,209,336,0.244318887591362
2112,32,16550,101,710,293,488,0.2241575121879577
2113,1458,25437,109,830,254,255,0.983079433441162
2114,1458,2482,602,61,254,480,0.9467124342918396
2115,1458,12777,75,153,309,517,0.8840419054031372
2116,1458,22361,642,710,216,445,0.4331076741218567
2117,1458,13394,641,707,217,447,0.4013556241989136
2118,866,16687,36,523,435,575,0.9782084822654724
2119,866,3831,477,560,387,372,0.971583902835846
2120,866,3350,304,173,187,187,0.9552747011184692
2121,1302,31884,58,106,449,459,0.9903224110603333
2122,1302,29666,602,176,221,214,0.979798436164856
2123,1302,3482,562,810,286,177,0.9708799719810486
2124,1302,28762,61,809,222,209,0.9450793862342834
2125,1464,20237,594,174,223,213,0.9716717004776
2126,1464,3482,563,810,286,178,0.9704568982124328
2127,1464,25366,45,109,408,444,0.9575502276420592
2128,1464,28762,63,810,221,211,0.9546436071395874
2129,1316,19231,83,691,307,309,0.975318968296051
2130,1316,3350,326,162,185,188,0.9643102288246156
2131,1316,16687,514,471,297,668,0.9540776014328004
2132,127,22361,623,776,251,421,0.9875504374504088
2133,127,2482,639,116,206,470,0.9439505338668824
2134,127,3742,137,855,281,286,0.93980211019516
2135,127,12777,135,126,294,556,0.9037854671478271
2136,641,3831,41,579,411,348,0.9708045125007628
2137,641,3350,342,125,183,185,0.956572413444519
2138,641,20237,618,707,232,230,0.955642819404602
2139,1100,31884,52,104,419,483,0.995149314403534
2140,1100,27776,145,772,178,206,0.977482259273529
2141,1100,36636,635,177,181,244,0.965082049369812
2142,1100,3482,535,778,268,223,0.9626678824424744
2143,494,16547,592,137,231,226,0.972341537475586
2144,494,1899,588,828,203,164,0.9539303779602052
2145,494,19606,135,211,154,151,0.9520043134689332
2146,1114,3482,132,288,275,173,0.9668186902999878
2147,1114,30307,553,697,400,422,0.9555894136428832
2148,1114,35205,106,688,198,415,0.9548465609550476
2149,1114,28762,677,256,211,197,0.8029360771179199
2150,1114,20237,678,256,210,197,0.30359548330307
2151,457,3742,134,833,275,275,0.9887548685073853
2152,457,13394,632,678,233,494,0.9861807227134703
2153,457,2482,632,56,227,497,0.950505793094635
2154,457,12777,103,136,293,549,0.9144690036773682
2155,443,25437,568,184,245,256,0.9747347235679626
2156,443,2482,84,675,250,472,0.9570742249488832
2157,443,12777,532,682,342,478,0.9536932706832886
2158,443,12080,79,108,218,429,0.3226083815097809
2159,443,13394,81,101,215,433,0.2478704452514648
2160,325,31884,511,704,398,529,0.9860325455665588
2161,325,27776,638,291,174,195,0.9840770959854126
2162,325,16261,136,836,251,242,0.9750192165374756
2163,325,3482,173,277,259,212,0.9680659770965576
2164,455,3742,93,791,275,277,0.9690967202186584
2165,455,2482,596,21,224,487,0.9490660429000854
2166,455,13394,584,680,234,490,0.9446082711219788
2167,455,12777,140,78,297,530,0.8698139786720276
2168,327,31884,89,28,407,506,0.9895511269569396
2169,327,27776,178,813,173,200,0.9862951636314392
2170,327,16261,602,194,246,230,0.96818608045578
2171,327,3482,567,815,262,219,0.9674645066261292
2172,469,27732,123,767,316,278,0.979239821434021
2173,469,35205,603,125,253,390,0.9711860418319702
2174,469,3482,609,790,274,211,0.9671252965927124
2175,469,28762,150,220,215,202,0.9442564249038696
2176,496,36636,164,292,185,248,0.9770345091819764
2177,496,3831,493,180,381,365,0.966808557510376
2178,496,3350,394,871,189,190,0.9411470293998718
2179,1116,3482,590,845,283,170,0.973105251789093
2180,1116,35205,677,151,209,407,0.9711652398109436
2181,1116,30307,56,139,388,417,0.9609153270721436
2182,1116,28762,96,850,218,208,0.8365950584411621
2183,482,12777,549,628,320,497,0.9701955914497375
2184,482,3742,522,163,268,267,0.9612412452697754
2185,482,2482,84,665,223,492,0.9540823698043824
2186,482,12080,84,88,225,483,0.8685036897659302
2187,125,21770,115,203,192,184,0.9924485683441162
2188,125,1899,624,891,206,138,0.9523997902870178
2189,125,16550,626,35,349,439,0.9418858885765076
2190,125,21770,138,868,180,176,0.1124588549137115
2191,119,16687,77,578,454,573,0.9783561825752258
2192,119,13899,649,705,228,224,0.9696462154388428
2193,119,3350,292,194,184,186,0.9472414255142212
2194,1466,22346,105,178,203,194,0.9948229789733888
2195,1466,28762,62,810,223,210,0.980874478816986
2196,1466,16261,595,178,238,226,0.9645070433616638
2197,1466,3482,561,809,287,179,0.9639140963554382
2198,1300,31884,69,126,462,464,0.979199230670929
2199,1300,29666,631,180,225,215,0.974693477153778
2200,1300,3482,589,845,282,170,0.9729517698287964
2201,1300,28762,96,851,218,206,0.9583831429481506
2202,694,19231,500,237,328,256,0.9749675393104552
2203,694,35205,154,278,258,389,0.960140347480774
2204,694,3350,403,850,187,190,0.8978418111801147
2205,858,31862,612,835,206,206,0.9853960871696472
2206,858,16261,137,770,241,237,0.9708704352378844
2207,858,3350,380,190,184,182,0.9474697113037108
2208,680,3742,550,190,271,270,0.9732681512832642
2209,680,2482,80,684,232,474,0.9566072821617126
2210,680,12777,473,600,347,476,0.9390782713890076
2211,680,12080,142,111,205,432,0.7097278237342834
2212,680,13394,143,105,204,436,0.3099357187747955
2213,870,3482,132,288,276,173,0.9716264605522156
2214,870,31884,571,675,403,523,0.9697060585021972
2215,870,16231,141,845,197,193,0.9673033952713012
2216,870,28762,677,257,212,196,0.8623266816139221
2217,864,36636,643,170,170,249,0.977717399597168
2218,864,3482,574,812,279,191,0.970775842666626
2219,864,25468,48,787,350,303,0.94844788312912
2220,864,34596,61,107,445,425,0.9441860914230348
2221,1328,1899,166,247,181,184,0.980324685573578
2222,1328,16547,583,216,232,227,0.9677754640579224
2223,1328,29450,70,841,415,217,0.8991188406944275
2224,24,3482,590,845,284,170,0.9736082553863524
2225,24,16261,621,183,244,231,0.9718361496925354
2226,24,25366,31,106,428,441,0.9584104418754578
2227,24,28762,95,850,220,208,0.9154061675071716
2228,1274,25437,122,812,255,258,0.9890121221542358
2229,1274,13394,590,714,229,495,0.9696071743965148
2230,1274,2482,595,49,223,477,0.9464952945709229
2231,1274,12777,101,73,302,533,0.9439263939857484
2232,938,3742,130,803,321,319,0.9878876209259032
2233,938,2482,627,34,200,483,0.946723461151123
2234,938,13394,586,703,222,446,0.925318717956543
2235,938,12777,121,63,300,532,0.8296550512313843
2236,1248,27776,638,291,174,195,0.9846291542053224
2237,1248,34596,521,664,413,481,0.980324685573578
2238,1248,16261,136,836,251,242,0.9747510552406312
2239,1248,3482,172,277,259,212,0.9666538834571838
2240,904,27732,123,767,318,277,0.964674711227417
2241,904,3482,608,790,275,211,0.9626109004020692
2242,904,20237,642,188,229,218,0.9564035534858704
2243,904,30307,159,55,293,472,0.3747729659080505
2244,904,27925,160,54,292,473,0.3074381947517395
2245,910,27776,639,293,174,195,0.9821552038192748
2246,910,25366,507,699,448,438,0.970755398273468
2247,910,3482,175,278,259,212,0.969626784324646
2248,910,29666,125,879,231,227,0.9663156270980836
2249,521,27776,144,773,179,205,0.986239492893219
2250,521,29666,599,159,221,216,0.9847745299339294
2251,521,28762,147,156,210,198,0.9632537364959716
2252,521,3482,535,780,267,221,0.9593061804771424
2253,247,3742,121,835,331,336,0.9899217486381532
2254,247,22361,609,732,271,420,0.9827327728271484
2255,247,2482,620,100,206,466,0.9238345623016356
2256,247,19551,57,134,336,503,0.2927752137184143
2257,253,35205,64,259,410,217,0.962268888950348
2258,253,33879,452,250,431,293,0.9567635655403136
2259,253,3350,445,849,190,190,0.9362182021141052
2260,535,31884,83,147,408,500,0.9927085041999816
2261,535,36636,674,172,172,254,0.9732905030250548
2262,535,25468,86,831,348,298,0.970296025276184
2263,535,3482,602,845,278,190,0.9673444628715516
2264,1089,3543,634,885,214,215,0.9740964770317078
2265,1089,27776,105,833,230,225,0.1741668283939361
2266,1089,16550,579,185,290,455,0.1617007404565811
2267,509,22073,588,779,188,193,0.9714595675468444
2268,509,18146,44,603,352,385,0.970689594745636
2269,509,3350,328,165,187,190,0.9522245526313782
2270,1076,3543,667,898,215,213,0.9930128455162048
2271,1076,16550,531,194,328,434,0.9923938512802124
2272,1076,27732,167,278,204,215,0.5075662732124329
2273,1076,4542,133,916,210,214,0.4080795347690582
2274,1076,19860,167,278,204,214,0.1224470734596252
2275,291,25437,536,172,244,255,0.977452278137207
2276,291,22361,109,106,239,389,0.9729519486427308
2277,291,2482,72,663,256,461,0.9659130573272704
2278,291,12777,563,618,286,530,0.7749297022819519
2279,1077,3543,118,167,209,201,0.9897046685218812
2280,1077,16550,133,647,331,451,0.9482886791229248
2281,1077,4542,641,141,206,203,0.6366358399391174
2282,1077,27732,630,807,207,219,0.597957968711853
2283,1077,19860,631,808,206,218,0.5874682068824768
2284,508,18146,538,238,338,356,0.9719799757003784
2285,508,22073,168,260,184,190,0.9623384475708008
2286,508,3350,419,870,188,192,0.890346884727478
2287,252,29666,625,885,227,222,0.9693657159805298
2288,252,3350,411,237,183,184,0.9129047989845276
2289,534,3742,536,148,312,309,0.9885135293006896
2290,534,19551,443,699,393,431,0.974440097808838
2291,534,2482,51,681,282,461,0.9561861753463744
2292,534,13394,98,73,237,469,0.3973596096038818
2293,534,12080,99,71,238,473,0.1358828246593475
2294,520,27776,639,293,174,195,0.9847436547279358
2295,520,28762,616,906,220,212,0.9819371104240416
2296,520,3482,175,278,259,211,0.969242513179779
2297,520,29666,125,879,232,228,0.9627044200897216
2298,1261,22346,142,168,202,197,0.9893860816955566
2299,1261,16231,649,230,192,180,0.9811474680900574
2300,1261,28762,96,850,218,207,0.9792042970657348
2301,1261,3482,590,845,282,171,0.9731922745704652
2302,1329,1899,146,239,183,184,0.9801778197288512
2303,1329,16547,553,207,229,226,0.9792511463165284
2304,1329,29450,36,799,421,226,0.9192378520965576
2305,1329,24849,34,800,423,224,0.1072679311037063
2306,31,3543,111,239,211,202,0.9823264479637146
2307,31,4542,653,847,189,181,0.9616013169288636
2308,31,27925,197,714,215,362,0.9432807564735411
2309,31,35205,590,53,292,472,0.2232474386692047
2310,31,16550,590,53,292,472,0.1234211847186088
2311,19,27732,125,768,315,277,0.9738147854804992
2312,19,3482,610,788,275,211,0.9674842357635498
2313,19,28762,101,169,213,204,0.9541341066360474
2314,19,20876,620,204,263,171,0.2191413044929504
2315,1315,19231,539,203,303,294,0.958598256111145
2316,1315,16687,147,89,284,607,0.947705626487732
2317,1315,3350,422,878,189,193,0.8531113266944885
2318,681,3742,104,800,276,273,0.9747467041015624
2319,681,2482,602,54,237,478,0.950993835926056
2320,681,12777,136,119,336,482,0.9480801820755004
2321,681,13394,591,700,211,447,0.927721917629242
2322,1473,1899,616,860,202,159,0.967765748500824
2323,1473,19606,152,217,159,154,0.8383194208145142
2324,1473,21770,125,866,180,175,0.2995452284812927
2325,118,16687,419,81,438,519,0.9799028038978576
2326,118,13899,60,311,231,213,0.9701260328292848
2327,118,3350,457,847,188,190,0.780828595161438
2328,124,21770,686,883,197,191,0.990643322467804
2329,124,16550,6,768,364,450,0.9547755122184752
2330,124,1899,174,282,203,139,0.940503478050232
2331,130,27776,637,292,174,195,0.9883679747581482
2332,130,36636,129,828,194,256,0.9799649715423584
2333,130,30307,506,766,467,315,0.9710184335708618
2334,130,3482,172,279,260,212,0.9703706502914428
2335,656,16550,539,184,411,384,0.9865672588348388
2336,656,3543,150,189,207,204,0.9789488911628724
2337,656,27925,190,709,214,361,0.9404093027114868
2338,656,28762,631,850,219,134,0.773298442363739
2339,656,27732,535,183,416,389,0.1215051412582397
2340,497,3831,54,653,391,380,0.9678685665130616
2341,497,36636,588,667,193,260,0.9636163711547852
2342,497,3350,355,159,180,185,0.9580854177474976
2343,468,25437,154,871,260,270,0.986823797225952
2344,468,22361,605,744,261,421,0.9766125679016112
2345,468,2482,596,121,206,461,0.9358887076377868
2346,468,12777,108,108,316,510,0.8992993831634521
2347,454,3742,560,194,272,269,0.9616210460662842
2348,454,2482,97,705,228,480,0.958782434463501
2349,454,12777,486,591,306,522,0.9182453155517578
2350,454,13394,131,86,227,469,0.8788846135139465
2351,454,12080,130,95,225,463,0.1041088253259658
2352,332,3543,125,141,204,198,0.9897943139076232
2353,332,4542,81,822,190,184,0.9629961252212524
2354,332,35205,564,545,289,477,0.1521559953689575
2355,332,16550,565,544,288,477,0.150034561753273
2356,332,4542,588,166,200,199,0.1216691359877586
2357,433,30307,88,102,357,429,0.983612596988678
2358,433,16231,619,177,188,184,0.977544128894806
2359,433,3482,579,759,273,210,0.9678680300712584
2360,433,27732,87,724,323,284,0.9340840578079224
2361,355,12080,71,118,222,442,0.9945270419120787
2362,355,3742,549,190,272,270,0.9702972769737244
2363,355,2482,50,700,249,475,0.9620298743247986
2364,355,12777,533,586,319,508,0.858624279499054
2365,341,27776,179,814,173,200,0.9856961965560912
2366,341,34596,48,118,402,463,0.9821081757545472
2367,341,3482,567,814,264,220,0.966003715991974
2368,341,20237,605,194,228,217,0.9632877111434937
2369,1158,13899,596,805,205,236,0.976007878780365
2370,1158,16261,153,768,243,237,0.9743908643722534
2371,1158,3350,398,244,182,180,0.9086363315582277
2372,1164,3543,102,177,205,204,0.985697627067566
2373,1164,29450,464,766,414,245,0.9552642107009888
2374,1164,35205,15,560,306,473,0.2939986884593963
2375,1164,20876,461,766,418,244,0.2621854245662689
2376,1164,3543,625,191,219,215,0.1340053081512451
2377,396,28762,154,199,212,200,0.973962903022766
2378,396,3482,576,812,278,191,0.9707557559013368
2379,396,25468,11,813,389,222,0.9703209400177002
2380,396,20237,589,188,223,214,0.9652163982391356
2381,382,3742,74,812,326,328,0.9914591312408448
2382,382,19551,95,125,378,458,0.9792855381965636
2383,382,13394,611,697,233,502,0.9726743102073668
2384,382,2482,591,122,292,436,0.9532093405723572
2385,1170,30307,52,25,365,439,0.968468964099884
2386,1170,25468,86,831,348,297,0.9680992364883424
2387,1170,3482,602,845,277,189,0.96784770488739
2388,1170,29666,618,171,226,216,0.9598369002342224
2389,95,32309,497,718,388,241,0.9748345017433168
2390,95,29666,60,744,231,230,0.964438259601593
2391,95,3350,339,182,180,185,0.941728949546814
2392,157,27776,146,775,177,206,0.9874562621116638
2393,157,16261,572,185,244,231,0.9704852104187012
2394,157,3482,536,780,269,223,0.96201092004776
2395,157,25366,106,84,395,458,0.9313896894454956
2396,625,16261,151,804,249,243,0.9824663400650024
2397,625,27732,563,261,305,266,0.9774959087371826
2398,625,3482,125,305,268,203,0.9728310108184814
2399,625,30307,493,699,424,400,0.8950379490852356
2400,143,16547,622,161,236,227,0.98052179813385
2401,143,1899,611,901,204,135,0.9640277624130248
2402,143,25366,94,182,254,232,0.153579294681549
2403,4,29344,119,156,269,412,0.994828760623932
2404,4,24849,597,252,295,164,0.9691595435142516
2405,4,1899,685,805,130,213,0.9379362463951112
2406,4,16550,128,653,291,487,0.2630042731761932
2407,56,16687,0,552,510,506,0.9768434762954712
2408,56,20013,549,614,348,348,0.973339855670929
2409,56,3350,324,193,186,188,0.9500104188919068
2410,42,29666,608,198,220,217,0.983652114868164
2411,42,3482,566,840,259,233,0.9706522822380066
2412,42,19860,86,827,224,174,0.9674407243728638
2413,42,31884,40,77,315,523,0.937932312488556
2414,1366,3482,133,289,276,172,0.9678401947021484
2415,1366,29666,124,863,230,227,0.9656885266304016
2416,1366,22346,662,835,212,209,0.9270450472831726
2417,1366,28762,677,257,213,197,0.9186147451400756
2418,1372,3742,74,812,326,328,0.9935036301612854
2419,1372,13394,610,696,234,503,0.9767284393310548
2420,1372,12777,86,90,324,489,0.9579485654830932
2421,1372,2482,596,117,282,442,0.9552326798439026
2422,180,27776,146,774,178,207,0.987440824508667
2423,180,22346,122,227,206,195,0.9728872179985046
2424,180,20237,576,190,223,212,0.9652283191680908
2425,180,3482,536,780,269,223,0.9603516459465028
2426,1414,3543,109,193,205,201,0.9790917038917542
2427,1414,27925,550,601,283,483,0.9702398180961608
2428,1414,16547,56,774,241,234,0.9530972242355348
2429,1414,29666,599,190,218,214,0.2974369525909424
2430,779,3482,124,273,271,188,0.9746009707450868
2431,779,16231,162,856,193,190,0.9653514623641968
2432,779,25468,572,232,369,218,0.9605187773704528
2433,779,30307,509,683,412,410,0.9546898603439332
2434,745,16261,662,271,239,230,0.9771161079406738
2435,745,32309,117,179,225,362,0.9743983149528505
2436,745,3350,350,891,191,193,0.9014150500297546
2437,989,3482,571,836,263,231,0.9728943109512328
2438,989,19860,90,826,226,176,0.9637628197669984
2439,989,22346,142,175,202,195,0.909263014793396
2440,989,36636,589,193,261,155,0.1489263772964477
2441,962,29450,474,779,402,275,0.9880632758140564
2442,962,19606,143,847,161,159,0.9810707569122314
2443,962,1899,147,240,182,183,0.971718430519104
2444,962,16550,625,111,280,468,0.484654426574707
2445,962,35205,624,110,281,468,0.1589259058237075
2446,1212,20876,544,294,326,234,0.968652367591858
2447,1212,3482,141,292,213,257,0.9675720930099488
2448,1212,34596,455,706,477,409,0.9625878930091858
2449,1212,35205,97,673,236,408,0.9605671763420104
2450,1206,32309,568,817,352,271,0.974999725818634
2451,1206,3350,399,224,179,182,0.9610947370529176
2452,1206,22073,93,853,184,187,0.9496253728866576
2453,547,22346,121,243,207,196,0.987722635269165
2454,547,36636,632,210,183,249,0.97646164894104
2455,547,3482,650,751,210,266,0.97267746925354
2456,547,20876,114,769,332,231,0.9540290832519532
2457,553,16231,601,213,185,182,0.986912727355957
2458,553,34596,11,78,419,445,0.9827280640602112
2459,553,25468,12,812,388,223,0.9802197813987732
2460,553,3482,576,812,279,191,0.970646321773529
2461,584,19551,146,108,329,488,0.9848257899284364
2462,584,13394,600,687,248,495,0.978840708732605
2463,584,2482,599,94,263,450,0.9420987367630004
2464,584,3742,109,815,281,284,0.8184333443641663
2465,1010,22346,94,204,206,199,0.9942532181739808
2466,1010,16261,574,195,244,230,0.9700199365615844
2467,1010,25468,50,856,376,219,0.9697006940841676
2468,1010,3482,603,844,277,190,0.9691354632377625
2469,1004,16231,140,892,198,193,0.9839017987251282
2470,1004,27732,563,261,304,266,0.9815402626991272
2471,1004,34596,508,656,460,441,0.975111484527588
2472,1004,3482,125,305,268,202,0.9729931354522704
2473,591,19860,638,277,220,171,0.9784749746322632
2474,591,3482,149,219,247,221,0.9747483134269714
2475,591,16261,100,852,247,241,0.9741758704185486
2476,591,30307,630,646,341,503,0.921203315258026
2477,591,25366,631,652,338,502,0.1417257785797119
2478,1005,34596,23,131,439,421,0.980867087841034
2479,1005,16231,619,178,188,183,0.9772884249687196
2480,1005,3482,579,759,273,211,0.9673386812210084
2481,1005,27732,87,724,323,284,0.9448096752166748
2482,1039,28762,126,213,216,203,0.9751933217048644
2483,1039,25468,51,856,375,219,0.9708940386772156
2484,1039,16261,574,195,242,230,0.9680648446083068
2485,1039,3482,602,844,278,191,0.967536449432373
2486,234,29666,648,184,219,214,0.9767465591430664
2487,234,27732,81,731,326,265,0.9757137298583984
2488,234,3482,570,766,277,207,0.9690305590629578
2489,234,22346,111,221,203,196,0.909049928188324
2490,552,20237,623,176,227,217,0.9802040457725524
2491,552,3482,593,844,281,170,0.9711827039718628
2492,552,30307,81,144,379,422,0.9531791806221008
2493,552,28762,99,851,217,207,0.8621202707290649
2494,546,27776,143,772,179,205,0.9849420785903932
2495,546,29666,600,160,220,215,0.9817511439323424
2496,546,3482,534,780,268,222,0.9592334628105164
2497,546,22346,107,199,202,196,0.9528973698616028
2498,1207,27776,637,291,173,195,0.9862339496612548
2499,1207,22346,686,812,211,206,0.9835137128829956
2500,1207,16231,151,827,192,191,0.978144109249115
2501,1207,3482,171,279,260,212,0.9698556065559388
2502,787,19860,639,277,219,172,0.9754486680030824
2503,787,3482,149,219,247,221,0.9731060266494752
2504,787,20237,112,856,231,226,0.9578317403793336
2505,787,34596,536,653,348,512,0.8301388621330261
2506,1213,25437,127,835,254,258,0.986318826675415
2507,1213,12777,100,0,326,488,0.9609391689300536
2508,1213,2482,651,55,209,491,0.9115808010101318
2509,1213,13394,593,680,232,489,0.8623670339584351
2510,750,29344,580,131,278,412,0.995791792869568
2511,750,1899,686,805,134,209,0.9585791826248168
2512,750,16547,147,789,241,237,0.9566921591758728
2513,988,19860,123,865,222,170,0.97150057554245
2514,988,3482,599,868,257,231,0.970748007297516
2515,988,22346,159,181,206,198,0.8038541674613953
2516,988,36636,617,197,269,153,0.1599452793598175
2517,778,16231,630,220,190,185,0.9877567291259766
2518,778,25468,50,856,376,219,0.9729794859886168
2519,778,3482,603,844,276,189,0.9671285152435304
2520,778,30307,85,167,402,404,0.9576289057731628
2521,1401,3482,126,272,270,188,0.9723385572433472
2522,1401,29666,137,870,231,228,0.9680284261703492
2523,1401,25468,571,188,332,283,0.9579610228538512
2524,1401,22346,648,850,214,209,0.9312559366226196
2525,1367,29666,601,176,222,213,0.9817497730255128
2526,1367,3482,561,809,287,178,0.9698346257209778
2527,1367,28762,61,809,221,210,0.9570571780204772
2528,1367,22346,107,224,203,195,0.8792838454246521
2529,1429,29344,602,705,288,444,0.9902766942977904
2530,1429,3543,120,250,208,205,0.9692094922065736
2531,1429,16547,125,830,237,229,0.961753249168396
2532,1429,16547,678,215,225,213,0.1955060958862304
2533,1429,29666,678,215,225,215,0.1745433658361435
2534,5,29344,610,716,287,443,0.9889879822731018
2535,5,1899,180,267,130,203,0.9607922434806824
2536,5,24849,92,894,303,164,0.9479182362556458
2537,5,16550,571,115,284,476,0.4647661447525024
2538,817,16231,649,231,191,180,0.9811218976974488
2539,817,3482,590,845,282,170,0.9731000661849976
2540,817,30307,97,154,379,421,0.9580664038658142
2541,817,28762,96,851,217,206,0.8680187463760376
2542,624,22073,170,839,184,185,0.954289972782135
2543,624,41767,598,722,262,309,0.9531237483024596
2544,624,3350,393,207,186,185,0.9056336283683776
2545,142,16547,593,154,232,227,0.9701306223869324
2546,142,1899,583,867,207,142,0.9655741453170776
2547,142,25366,77,174,252,228,0.5219533443450928
2548,156,13394,599,687,249,497,0.9801517128944396
2549,156,3742,108,816,282,283,0.9594373106956482
2550,156,2482,602,90,263,453,0.9556769132614136
2551,156,12777,95,154,317,507,0.8868826627731323
2552,618,16231,617,171,187,181,0.9728857278823853
2553,618,3482,573,836,261,230,0.9699459075927734
2554,618,19860,92,826,225,175,0.9626779556274414
2555,618,28762,130,172,211,197,0.9234155416488647
2556,80,19231,95,700,336,265,0.9760667085647584
2557,80,16261,569,695,249,245,0.966719925403595
2558,80,3350,359,195,182,187,0.948282778263092
2559,1171,3543,122,180,205,201,0.9896728992462158
2560,1171,4542,640,150,202,200,0.9797995686531068
2561,1171,16547,578,743,242,236,0.959998369216919
2562,1171,27776,91,787,228,220,0.5483050346374512
2563,1159,16231,646,294,189,193,0.9743436574935912
2564,1159,3350,402,808,188,190,0.9579349756240844
2565,340,27776,147,774,177,207,0.9863203167915344
2566,340,34596,37,93,396,461,0.9796718955039978
2567,340,20237,575,189,224,215,0.9621273279190063
2568,340,3482,536,782,269,220,0.9605295658111572
2569,432,3543,582,857,214,213,0.9932196736335754
2570,432,16550,490,230,397,386,0.9240081310272216
2571,432,4542,132,904,212,213,0.8631635308265686
2572,432,28762,201,258,152,214,0.7992234826087952
2573,1198,27776,179,814,173,200,0.9885666966438292
2574,1198,28762,130,215,214,202,0.987602174282074
2575,1198,3482,567,815,265,219,0.9657005667686462
2576,1198,20237,605,195,227,215,0.959892511367798
2577,356,12080,645,691,230,452,0.9911581873893738
2578,356,3742,105,800,278,275,0.9826093912124634
2579,356,2482,626,38,241,473,0.9600543975830078
2580,356,12777,94,104,312,511,0.9160357117652892
2581,430,3543,182,199,205,197,0.9934608936309814
2582,430,4542,611,153,202,198,0.9777595400810242
2583,430,28762,617,793,164,219,0.8051333427429199
2584,430,16550,72,615,404,405,0.1304393410682678
2585,1173,3543,646,877,213,213,0.9953776597976683
2586,1173,4542,102,906,216,211,0.9872249364852904
2587,1173,16547,159,285,233,227,0.8902652263641357
2588,1173,27776,643,261,219,213,0.2058086693286895
2589,395,28762,173,208,212,203,0.9763679504394532
2590,395,25468,51,856,374,220,0.9730079174041748
2591,395,20237,618,193,228,217,0.969231128692627
2592,395,3482,603,844,276,190,0.9687801003456116
2593,1167,36636,674,171,172,255,0.977126121520996
2594,1167,25468,87,830,350,299,0.9699222445487976
2595,1167,3482,601,845,279,190,0.96908700466156
2596,1167,25366,47,86,390,478,0.9514507055282592
2597,82,3742,122,835,330,335,0.9899892807006836
2598,82,22361,609,731,271,421,0.978955864906311
2599,82,2482,628,99,202,470,0.9390341639518738
2600,82,19551,113,121,327,518,0.8214353919029236
2601,140,31884,21,72,412,503,0.9933854937553406
2602,140,3482,602,845,278,190,0.9695361256599426
2603,140,25468,87,830,346,299,0.9694570302963256
2604,140,35205,614,119,229,400,0.9593985676765442
2605,632,25437,548,179,248,254,0.981226086616516
2606,632,2482,54,667,215,485,0.9538456797599792
2607,632,12777,492,601,315,512,0.8983388543128967
2608,632,12080,119,92,228,469,0.4719519913196563
2609,632,13394,122,84,224,472,0.3674166798591614
2610,154,2482,612,50,254,474,0.9502406120300292
2611,154,13394,596,683,236,490,0.9406285285949708
2612,154,3742,108,804,276,274,0.9113556742668152
2613,154,12777,92,124,321,506,0.8976978063583374
2614,154,16231,108,804,274,274,0.2102733105421066
2615,41,19860,119,865,220,169,0.9809489846229552
2616,41,29666,637,206,224,214,0.9787207841873168
2617,41,3482,593,875,254,229,0.9731441736221312
2618,41,31884,63,96,309,529,0.9722217321395874
2619,815,32309,521,611,275,362,0.9892820119857788
2620,815,3350,363,169,179,185,0.9658525586128236
2621,815,20237,98,712,230,227,0.931648850440979
2622,55,20013,50,283,337,319,0.9749324321746826
2623,55,16687,429,164,513,457,0.9716557264328004
2624,55,3350,423,846,187,191,0.913294553756714
2625,1359,3543,674,826,213,212,0.9916725754737854
2626,1359,4542,163,278,182,179,0.971698522567749
2627,1359,16547,140,853,241,239,0.964682161808014
2628,1359,27925,583,230,211,335,0.6599938869476318
2629,183,3543,641,876,215,214,0.9933087825775146
2630,183,16550,23,701,397,412,0.8831139206886292
2631,183,27925,593,236,212,339,0.8538941144943237
2632,183,29666,158,260,220,213,0.5526444911956787
2633,183,27732,25,704,396,407,0.2962663173675537
2634,1371,22346,102,203,204,196,0.9900746941566468
2635,1371,16261,609,172,240,227,0.9786402583122252
2636,1371,3482,572,836,263,230,0.971270740032196
2637,1371,19860,92,826,226,175,0.962186336517334
2638,829,27776,147,773,177,206,0.9869588017463684
2639,829,28762,97,166,210,202,0.9679638743400574
2640,829,36636,636,176,181,244,0.9636871814727784
2641,829,3482,536,779,269,223,0.9607077240943908
2642,197,3742,121,827,321,321,0.996182382106781
2643,197,22361,602,730,261,407,0.9700621962547302
2644,197,2482,627,54,209,495,0.9500898122787476
2645,197,12777,106,150,310,541,0.9359133243560792
2646,752,16547,560,136,227,225,0.9485145807266236
2647,752,3543,91,195,203,201,0.9125680327415466
2648,752,27925,166,671,219,367,0.8168769478797913
2649,752,27732,547,776,311,242,0.8032125234603882
2650,752,1899,546,778,311,242,0.4972870647907257
2651,1239,16547,585,179,230,228,0.976288676261902
2652,1239,1899,87,259,198,127,0.9650639295578004
2653,975,29344,117,155,272,414,0.9907228350639344
2654,975,16550,104,693,317,477,0.9902066588401794
2655,975,21770,618,251,188,180,0.9893434047698976
2656,975,1899,685,806,130,211,0.934282124042511
2657,949,16261,109,836,249,243,0.980216920375824
2658,949,20876,543,293,327,234,0.9706385731697084
2659,949,3482,142,291,213,257,0.9678335189819336
2660,949,30307,497,722,420,405,0.9622092843055724
2661,785,3482,132,289,275,172,0.9684621691703796
2662,785,35205,106,688,199,415,0.9611116051673888
2663,785,28762,675,257,213,196,0.8795842528343201
2664,785,25366,537,695,385,488,0.8789523839950562
2665,785,20237,676,257,212,197,0.2462373673915863
2666,578,33008,88,256,367,207,0.98782080411911
2667,578,1899,642,858,205,168,0.9839089512825012
2668,578,19606,662,333,157,152,0.9716497659683228
2669,578,16550,53,730,374,444,0.9439525604248048
2670,236,28762,617,835,219,212,0.9808158278465272
2671,236,3482,132,289,275,172,0.969224750995636
2672,236,35205,106,688,197,416,0.9552536010742188
2673,236,28762,677,257,211,196,0.8929305076599121
2674,222,16261,170,768,244,238,0.9743287563323976
2675,222,41767,606,743,272,298,0.9658430814743042
2676,222,3350,406,203,183,185,0.9417967200279236
2677,1007,3482,576,812,279,191,0.9717174172401428
2678,1007,25468,11,812,389,223,0.9646148681640624
2679,1007,20237,589,189,222,215,0.9632788896560668
2680,1007,25366,28,158,434,418,0.93474143743515
2681,593,29666,608,193,221,215,0.9765872359275818
2682,593,3482,571,837,262,230,0.9702497124671936
2683,593,28762,113,160,210,196,0.96438729763031
2684,593,19860,90,826,225,175,0.954788863658905
2685,587,28762,616,858,218,214,0.9831404089927672
2686,587,36636,130,830,182,261,0.9740910530090332
2687,587,3482,126,273,269,187,0.972525715827942
2688,587,25468,571,186,331,286,0.9577760696411132
2689,1013,27925,145,140,257,459,0.9797677397727966
2690,1013,16547,105,865,240,239,0.9686130881309508
2691,1013,1899,631,893,209,134,0.9444996118545532
2692,1013,29344,636,271,178,280,0.9061319231987
2693,1012,27925,569,635,269,483,0.9732515811920166
2694,1012,16547,611,156,228,227,0.9688053131103516
2695,1012,1899,141,242,197,127,0.935352623462677
2696,1012,29344,142,701,184,297,0.5272876024246216
2697,586,28762,145,198,212,198,0.9785794615745544
2698,586,36636,645,169,169,249,0.9714908599853516
2699,586,3482,575,812,279,191,0.9689003229141236
2700,586,25468,48,787,351,303,0.947274923324585
2701,592,19860,640,277,219,171,0.9753541946411132
2702,592,3482,150,218,248,220,0.9733526110649108
2703,592,28762,649,901,220,213,0.9687383770942688
2704,592,29666,119,844,228,225,0.9632387161254884
2705,1006,20237,618,194,229,219,0.9730927348136902
2706,1006,25468,50,856,375,219,0.9713714122772216
2707,1006,3482,603,844,277,190,0.9678585529327391
2708,1006,25366,47,177,446,423,0.9610716104507446
2709,545,27776,639,293,175,195,0.9810405373573304
2710,545,3482,175,278,261,211,0.970035970211029
2711,545,29666,125,879,232,227,0.965568482875824
2712,545,22346,662,862,214,208,0.8140449523925781
2713,551,20237,133,869,231,226,0.9718194007873536
2714,551,3482,131,290,275,172,0.967584788799286
2715,551,30307,538,683,391,435,0.9611335396766664
2716,551,28762,674,256,213,197,0.9375768899917604
2717,237,28762,143,222,211,200,0.9811511635780334
2718,237,3482,563,810,285,178,0.9679974913597108
2719,237,35205,648,142,201,399,0.9639254808425904
2720,237,28762,62,810,223,209,0.9475879073143004
2721,579,33008,544,833,377,202,0.992854654788971
2722,579,16550,571,82,357,432,0.9915395379066468
2723,579,19606,172,822,157,153,0.9779767394065856
2724,579,1899,150,256,198,158,0.9721307754516602
2725,1210,3482,652,750,209,265,0.972978949546814
2726,1210,20876,116,768,331,231,0.9666467905044556
2727,1210,35205,659,171,221,406,0.9633867144584656
2728,1210,34596,67,138,472,391,0.8461450338363647
2729,948,16231,649,230,192,180,0.9837300181388856
2730,948,28762,183,177,216,203,0.9748384952545166
2731,948,3482,590,845,282,171,0.9738898277282716
2732,948,28762,96,851,218,207,0.9607346057891846
2733,1204,32309,67,217,343,252,0.9757041931152344
2734,1204,22073,688,264,181,186,0.9661307334899902
2735,1204,3350,393,861,191,190,0.8717893958091736
2736,974,29344,586,678,290,447,0.991418719291687
2737,974,16550,543,74,300,457,0.9876482486724854
2738,974,21770,147,849,195,190,0.9849243760108948
2739,974,1899,161,256,126,200,0.9486283659934998
2740,1238,1899,683,878,211,133,0.975093424320221
2741,1238,16547,132,843,241,237,0.9527955055236816
2742,747,32309,638,738,228,388,0.9807217121124268
2743,747,16261,61,799,247,237,0.9759380221366882
2744,747,3350,437,193,183,181,0.9429206848144532
2745,68,27776,637,292,173,195,0.987525463104248
2746,68,16231,152,828,191,190,0.9857227206230164
2747,68,3482,171,279,259,212,0.9701234698295592
2748,68,30307,507,768,445,375,0.9567351937294006
2749,828,38161,551,863,249,251,0.9727272391319276
2750,828,18146,127,573,308,410,0.9621074199676514
2751,828,3350,381,237,186,182,0.9599811434745787
2752,196,3742,490,126,310,304,0.9920074939727784
2753,196,2482,82,665,216,479,0.9539835453033448
2754,196,12777,525,515,307,517,0.9337055683135986
2755,196,22361,84,112,253,395,0.8545637726783752
2756,1402,20237,84,333,227,222,0.9687687158584596
2757,1402,33879,452,193,404,366,0.935726761817932
2758,1402,3350,424,885,191,191,0.874005913734436
2759,1358,3543,111,239,210,203,0.9899882674217224
2760,1358,4542,652,848,190,180,0.979972779750824
2761,1358,16547,606,176,236,224,0.9771956205368042
2762,1358,27925,196,715,216,360,0.9634082913398744
2763,54,25437,545,175,248,255,0.9850349426269532
2764,54,2482,67,666,206,478,0.9456857442855836
2765,54,12080,118,88,221,474,0.4675949215888977
2766,54,12777,468,645,371,482,0.2874494791030884
2767,54,13394,121,85,214,469,0.2289312332868576
2768,40,19860,644,277,222,172,0.9730157256126404
2769,40,3482,158,215,246,221,0.9679703116416932
2770,40,29666,119,838,230,227,0.967552900314331
2771,40,31884,620,615,320,555,0.9517808556556702
2772,633,25437,128,847,261,269,0.9886393547058104
2773,633,13394,599,683,246,499,0.9809107184410096
2774,633,2482,643,103,209,471,0.9389182329177856
2775,633,12777,132,110,308,517,0.8602213859558105
2776,155,2482,69,695,254,469,0.9637048244476318
2777,155,3742,546,183,271,272,0.9134618639945984
2778,155,13394,117,84,226,468,0.7208740711212158
2779,155,12777,532,574,324,498,0.615064263343811
2780,155,12080,115,92,230,463,0.1275277584791183
2781,627,16261,560,216,243,231,0.9781338572502136
2782,627,3482,579,759,274,211,0.97135192155838
2783,627,30307,71,145,404,382,0.9541783332824708
2784,627,27732,86,724,323,284,0.9263023734092712
2785,97,29344,118,169,309,402,0.9929922819137572
2786,97,19606,666,251,156,152,0.9758968353271484
2787,97,16547,98,820,243,240,0.9582620859146118
2788,97,1899,685,805,134,210,0.9573503136634828
2789,83,3742,490,127,310,303,0.9916239380836488
2790,83,12777,495,592,338,495,0.9698198437690736
2791,83,2482,86,663,209,485,0.9523301720619202
2792,83,22361,84,114,252,392,0.9150881767272948
2793,394,20237,139,850,231,226,0.975902497768402
2794,394,3482,124,273,271,187,0.9740664958953856
2795,394,25468,571,232,370,216,0.9678516387939452
2796,394,28762,607,856,219,213,0.9660754799842834
2797,1166,36636,131,829,182,264,0.9771446585655212
2798,1166,3482,125,273,271,187,0.9730174541473388
2799,1166,25468,571,186,331,286,0.9595341086387634
2800,1166,25366,567,689,386,479,0.905472695827484
2801,380,31862,596,714,211,215,0.9786520600318908
2802,380,16687,0,549,501,516,0.9762093424797058
2803,380,3350,284,179,186,190,0.9284325242042542
2804,431,4542,640,153,206,202,0.9817966222763062
2805,431,3543,199,207,208,200,0.9580159783363342
2806,431,28762,643,829,164,214,0.7870960235595703
2807,431,16550,108,664,398,398,0.5254725217819214
2808,1199,27776,637,290,174,195,0.9872584939002992
2809,1199,28762,650,851,218,213,0.9832208156585692
2810,1199,20237,151,850,231,225,0.9747086763381958
2811,1199,3482,172,276,258,213,0.9667102694511414
2812,419,27732,563,261,304,266,0.9799550175666808
2813,419,3482,125,305,269,202,0.9735499620437622
2814,419,25366,541,737,435,436,0.959868311882019
2815,419,20237,112,855,232,226,0.9588247537612916
2816,347,16231,615,239,183,181,0.9853367209434508
2817,347,27776,147,774,178,206,0.983942449092865
2818,347,3482,537,779,268,222,0.9609366655349731
2819,347,30307,126,46,325,483,0.8919578790664673
2820,435,30307,105,121,364,437,0.971430003643036
2821,435,16231,648,184,192,179,0.9692291021347046
2822,435,3482,608,790,275,211,0.9633511900901794
2823,435,27732,122,767,317,277,0.9553216695785522
2824,1189,12080,601,702,227,463,0.9950178265571594
2825,1189,3742,119,782,320,326,0.994470715522766
2826,1189,12777,93,118,326,501,0.9626609086990356
2827,1189,2482,581,68,251,476,0.950598955154419
2828,409,33008,514,791,388,209,0.9869259595870972
2829,409,1899,133,242,192,169,0.9670088291168212
2830,409,25366,535,125,386,287,0.8921933770179749
2831,409,16550,8,730,468,323,0.2273966968059539
2832,384,3742,73,801,323,320,0.9899300932884216
2833,384,2482,601,73,284,468,0.9571873545646667
2834,384,13394,600,697,238,491,0.9448425769805908
2835,384,19551,89,87,382,461,0.935286581516266
2836,1176,3482,589,845,282,170,0.973530113697052
2837,1176,29666,632,180,224,215,0.9658668041229248
2838,1176,30307,41,76,389,417,0.9636425971984864
2839,1176,28762,96,851,217,205,0.9226914644241332
2840,390,34596,43,156,456,420,0.9757094979286194
2841,390,3482,652,751,208,265,0.9717565774917604
2842,390,16261,629,192,245,231,0.9693999886512756
2843,390,20876,116,767,331,232,0.9639370441436768
2844,623,41767,555,632,268,306,0.9715255498886108
2845,623,22073,126,745,188,196,0.9495899081230164
2846,623,3350,351,147,184,190,0.9401370882987976
2847,151,33207,182,267,207,196,0.9882997274398804
2848,151,1899,644,843,189,192,0.9860944747924804
2849,151,16547,98,818,241,238,0.9623894691467284
2850,151,29450,511,242,408,219,0.9180970788002014
2851,151,24849,510,242,409,220,0.4599823951721191
2852,637,3742,74,812,325,328,0.9936848282814026
2853,637,13394,611,696,233,503,0.9735715389251708
2854,637,2482,596,118,282,441,0.9544942378997804
2855,637,25366,58,199,485,337,0.422416627407074
2856,637,19551,56,192,475,345,0.3273242115974426
2857,179,27776,638,290,174,195,0.9858403205871582
2858,179,20237,151,850,231,225,0.969832181930542
2859,179,3482,172,277,259,212,0.9663339853286744
2860,179,22346,644,834,212,205,0.962775707244873
2861,838,33207,587,800,216,205,0.993335485458374
2862,838,16547,593,161,230,228,0.9641119837760924
2863,838,27925,88,618,273,481,0.9467047452926636
2864,838,1899,140,241,198,127,0.9394601583480836
2865,186,3543,157,178,209,204,0.9898071885108948
2866,186,16547,167,781,235,228,0.952366054058075
2867,186,4542,627,141,210,206,0.7170370817184448
2868,186,21770,655,856,138,131,0.314309686422348
2869,1348,22073,675,309,183,189,0.9234882593154908
2870,1348,3350,363,879,189,191,0.885430097579956
2871,1348,31862,186,266,202,205,0.4276510179042816
2872,44,29666,93,723,230,229,0.9830899238586426
2873,44,13899,579,672,178,266,0.9637444615364076
2874,44,3350,371,155,182,187,0.943536341190338
2875,810,16550,582,48,331,437,0.994633674621582
2876,810,3543,91,198,206,198,0.9903834462165833
2877,810,27925,160,665,218,366,0.6228872537612915
2878,810,21324,605,788,174,249,0.1684125810861587
2879,743,25437,110,830,253,255,0.985148012638092
2880,743,2482,600,62,258,479,0.9486989974975586
2881,743,12777,88,118,288,540,0.7577428817749023
2882,743,13394,644,706,211,449,0.4439998269081116
2883,1214,25437,127,848,261,268,0.9898502826690674
2884,1214,13394,599,682,245,500,0.979552924633026
2885,1214,12777,105,39,322,491,0.96593976020813
2886,1214,2482,643,104,210,472,0.9289634823799132
2887,780,16231,602,213,184,182,0.9886024594306946
2888,780,25468,15,811,381,224,0.9728537797927856
2889,780,3482,577,812,277,191,0.9702506065368652
2890,780,30307,70,147,389,395,0.9595910906791688
2891,555,16231,630,220,190,185,0.98920738697052
2892,555,34596,23,103,424,441,0.9780310988426208
2893,555,25468,51,856,375,219,0.9724451899528505
2894,555,3482,603,844,277,190,0.9658163785934448
2895,541,3482,149,219,247,221,0.9746779799461364
2896,541,19860,638,277,220,171,0.9731727242469788
2897,541,31884,590,651,319,550,0.96698397397995
2898,541,16231,144,899,194,190,0.909870743751526
2899,569,12080,113,111,220,425,0.9962527751922609
2900,569,3742,493,164,313,305,0.9892343282699584
2901,569,2482,86,668,252,471,0.9622061848640442
2902,569,12777,529,573,314,518,0.9516177773475648
2903,596,32309,576,615,264,373,0.9822365045547484
2904,596,3350,352,163,178,184,0.9635729789733888
2905,596,16231,79,734,198,197,0.9618733525276184
2906,1016,20876,544,294,326,233,0.9736921191215516
2907,1016,3482,141,292,212,257,0.9679218530654908
2908,1016,30307,531,719,406,418,0.9508885741233826
2909,1016,35205,95,673,238,409,0.9480117559432985
2910,583,2482,68,694,254,469,0.9641417860984802
2911,583,12777,464,631,342,491,0.9435023069381714
2912,583,3742,548,185,270,270,0.8987788558006287
2913,583,13394,116,85,226,467,0.716204822063446
2914,583,12080,115,96,230,459,0.1003085076808929
2915,1003,34596,39,158,451,418,0.9830507636070251
2916,1003,27732,122,766,319,277,0.9780480861663818
2917,1003,16231,648,184,192,179,0.9702507853507996
2918,1003,3482,608,791,275,210,0.961274266242981
2919,540,38161,632,804,194,296,0.9747273921966552
2920,540,20013,54,754,346,337,0.9711389541625975
2921,540,3350,363,189,183,183,0.9583501219749452
2922,226,22346,109,228,207,199,0.9915404915809632
2923,226,19860,126,866,221,169,0.9734711050987244
2924,226,20237,644,187,229,217,0.970661163330078
2925,226,3482,601,867,256,231,0.9689409136772156
2926,232,27732,115,773,324,266,0.9891883730888368
2927,232,29666,678,188,225,214,0.9782536029815674
2928,232,3482,600,799,276,205,0.9716919660568236
2929,232,22346,128,230,208,201,0.9325191974639891
2930,1201,16547,584,211,232,226,0.9782166481018066
2931,1201,3543,143,187,203,200,0.9763373136520386
2932,1201,12246,582,816,213,157,0.931035578250885
2933,742,25437,568,184,245,256,0.9700437784194946
2934,742,2482,84,675,255,474,0.9537113904953004
2935,742,12777,560,542,286,523,0.5663368701934814
2936,742,12080,80,107,214,431,0.403396725654602
2937,742,13394,81,101,214,435,0.3248686194419861
2938,756,29666,125,318,227,224,0.9797334671020508
2939,756,3831,515,255,370,379,0.9690069556236268
2940,756,3350,417,890,185,189,0.948369801044464
2941,3,27925,569,634,268,484,0.9702879786491394
2942,3,1899,141,242,197,127,0.9303841590881348
2943,3,16550,531,65,382,397,0.916006326675415
2944,3,29344,142,700,185,298,0.2679293155670166
2945,3,27732,533,65,379,398,0.2553238868713379
2946,1407,33879,107,680,311,428,0.980375111103058
2947,1407,38161,602,792,246,255,0.9670217633247375
2948,1407,3350,379,230,185,182,0.9593263864517212
2949,1361,29666,626,690,232,230,0.969361126422882
2950,1361,3350,357,149,183,187,0.9609179496765136
2951,1361,19231,168,645,242,361,0.9405953288078308
2952,79,19231,498,236,331,257,0.9771157503128052
2953,79,16261,127,298,246,234,0.974899411201477
2954,79,3350,387,846,190,191,0.8821403980255127
2955,1413,36636,151,803,192,253,0.9805830121040344
2956,1413,3482,131,289,276,173,0.9656155109405518
2957,1413,28762,676,256,211,197,0.9531299471855164
2958,1413,30307,544,706,391,426,0.9443814754486084
2959,86,29344,117,155,273,415,0.9903807044029236
2960,86,21770,618,250,188,180,0.9887515902519226
2961,86,16547,152,769,237,236,0.972785234451294
2962,86,1899,684,807,133,209,0.9569926261901855
2963,150,19231,140,803,331,262,0.977982759475708
2964,150,3350,388,251,185,181,0.9552341103553772
2965,150,20237,633,801,226,222,0.9514947533607484
2966,636,3543,582,857,214,214,0.994355320930481
2967,636,16547,651,279,233,225,0.9742554426193236
2968,636,4542,133,903,210,213,0.9018265008926392
2969,636,28762,202,258,152,213,0.7904894948005676
2970,622,41767,128,291,262,298,0.9712830185890198
2971,622,22073,611,289,187,190,0.953469693660736
2972,622,3350,396,890,189,190,0.7806088328361511
2973,1163,3543,118,183,209,205,0.9854355454444884
2974,1163,29450,491,804,410,237,0.972053050994873
2975,1163,16550,40,609,308,465,0.5036669373512268
2976,1163,16547,655,197,226,215,0.4690355658531189
2977,1163,35205,41,609,308,466,0.2422878146171569
2978,434,16231,141,892,196,192,0.98708176612854
2979,434,27732,564,261,303,265,0.9811862707138062
2980,434,3482,125,305,269,202,0.9735321402549744
2981,434,30307,532,694,367,447,0.9340019822120668
2982,352,22361,623,775,252,422,0.9893145561218262
2983,352,19551,108,146,334,516,0.9753636121749878
2984,352,3742,138,855,283,288,0.9452790021896362
2985,352,2482,640,116,207,472,0.944846510887146
2986,346,27776,181,813,173,200,0.9893590211868286
2987,346,16231,644,250,187,181,0.9798892140388488
2988,346,3482,568,813,264,219,0.9667196273803712
2989,346,30307,143,56,332,495,0.8659237027168274
2990,346,25366,143,60,340,495,0.1054662540555
2991,420,3482,580,759,272,210,0.9708833694458008
2992,420,20237,612,184,226,215,0.9598469138145448
2993,420,25366,7,70,430,424,0.9366889595985411
2994,420,27732,86,724,325,284,0.7522768974304199
2995,420,35205,87,724,324,284,0.3901718854904175
2996,436,31884,39,139,447,474,0.9784867763519288
2997,436,25468,50,857,374,218,0.9729173183441162
2998,436,20237,618,195,228,218,0.9680717587471008
2999,436,3482,603,844,277,190,0.9674566984176636
3000,422,19860,640,277,219,172,0.975205659866333
3001,422,3482,150,218,248,221,0.9734828472137452
3002,422,34596,560,701,347,511,0.8872323632240295
3003,422,36636,94,903,276,168,0.2314507067203521
3004,344,27776,178,814,174,200,0.988106369972229
3005,344,3482,566,815,265,219,0.9669690132141112
3006,344,16261,604,195,244,229,0.9626842141151428
3007,344,28762,155,192,214,203,0.9610262513160706
3008,393,33207,110,160,208,197,0.9774536490440368
3009,393,1899,583,866,207,143,0.9481258392333984
3010,393,16550,553,52,287,462,0.2103143036365509
3011,393,35205,554,51,286,462,0.1575896143913269
3012,1161,16231,131,813,190,191,0.968260943889618
3013,1161,3350,389,280,182,181,0.961286962032318
3014,387,20237,134,868,230,226,0.9741185307502748
3015,387,31884,500,656,409,517,0.9722723364830016
3016,387,3482,132,290,275,172,0.9694727063179016
3017,387,28762,674,256,214,197,0.9591383934020996
3018,1149,16231,188,820,191,190,0.9708295464515686
3019,1149,41767,598,720,260,309,0.9699476957321168
3020,1149,3350,428,219,184,185,0.9397961497306824
3021,152,33207,582,809,217,207,0.9925906658172609
3022,152,1899,147,239,182,184,0.9811946749687196
3023,152,16547,620,204,230,225,0.9769372940063475
3024,152,29450,37,799,421,227,0.9204901456832886
3025,146,27776,637,292,173,194,0.9862287044525146
3026,146,16231,151,828,192,190,0.9836909174919128
3027,146,31884,558,671,396,530,0.9726260900497437
3028,146,3482,171,279,259,212,0.9703110456466676
3029,620,2482,79,638,203,492,0.9437936544418336
3030,620,3742,520,148,266,269,0.9244092106819152
3031,620,22361,85,76,242,390,0.9200881123542786
3032,620,12777,538,631,316,518,0.8806578516960144
3033,608,29666,588,720,232,232,0.988847017288208
3034,608,33879,52,604,318,447,0.9607078433036804
3035,608,3350,339,192,185,188,0.932910680770874
3036,90,1899,656,904,211,147,0.9638994932174684
3037,1363,16261,120,292,245,236,0.9665690064430236
3038,1363,33879,446,239,440,289,0.9662440419197084
3039,1363,3350,433,887,189,191,0.9305248260498048
3040,191,3543,122,180,204,201,0.9823221564292908
3041,191,4542,640,151,201,200,0.981979250907898
3042,191,35205,582,572,283,480,0.3187217116355896
3043,191,27776,91,788,227,219,0.2010466307401657
3044,191,16547,91,788,225,219,0.1667139679193496
3045,185,3543,141,172,203,199,0.99046128988266
3046,185,16547,134,737,238,234,0.9526841640472412
3047,185,4542,599,142,200,201,0.4362139999866485
3048,185,21770,627,823,140,137,0.1962258368730545
3049,1411,36636,643,208,189,248,0.9758762717247008
3050,1411,3482,592,844,281,170,0.9716408848762512
3051,1411,30307,69,127,387,423,0.9504971504211426
3052,1411,28762,98,851,216,207,0.8880953788757324
3053,1377,33207,640,805,213,201,0.9915664792060852
3054,1377,33008,43,821,369,236,0.9790816307067872
3055,1377,1899,150,257,198,156,0.9499115347862244
3056,1377,35205,606,57,289,478,0.1623332500457763
3057,53,25437,129,852,262,269,0.9904738068580629
3058,53,13394,604,682,243,503,0.9560527801513672
3059,53,2482,651,109,211,467,0.930786907672882
3060,53,19551,99,115,360,473,0.4921582043170929
3061,53,12777,98,115,361,475,0.2013604789972305
3062,1,27925,595,676,265,481,0.975350558757782
3063,1,1899,158,252,203,123,0.9353090524673462
3064,1,16550,560,72,390,404,0.880092978477478
3065,1,29344,173,740,181,293,0.8623523116111755
3066,1,27732,561,78,384,398,0.245044857263565
3067,1439,3543,72,200,203,199,0.9880066514015198
3068,1439,16547,513,178,231,227,0.9811390042304992
3069,1439,27925,165,673,220,365,0.8261770606040955
3070,1439,1899,592,847,213,129,0.5884469151496887
3071,1439,12246,590,847,222,129,0.1662318557500839
3072,807,19860,644,277,222,172,0.9747676849365234
3073,807,3482,157,215,246,221,0.9682817459106444
3074,807,29666,119,839,229,227,0.9651951789855956
3075,807,30307,618,709,300,515,0.9291754364967346
3076,47,12080,112,111,220,426,0.9960348010063172
3077,47,3742,493,164,312,304,0.9879677295684814
3078,47,2482,86,669,252,468,0.9643473625183104
3079,47,12777,523,588,321,499,0.7778266072273254
3080,998,1899,166,247,182,183,0.9676859378814696
3081,998,21770,155,839,192,185,0.948457658290863
3082,998,29450,484,845,420,218,0.9416638612747192
3083,998,16550,617,69,286,480,0.6898956298828125
3084,740,1899,644,829,172,202,0.9859378933906556
3085,740,19606,657,272,155,150,0.970237135887146
3086,740,16547,119,803,240,237,0.965748131275177
3087,754,29666,626,761,227,220,0.9734292030334472
3088,754,3831,90,653,374,383,0.9688235521316528
3089,754,3350,373,197,184,182,0.936944544315338
3090,768,3482,623,717,211,272,0.9654962420463562
3091,768,34596,8,29,399,452,0.9652631878852844
3092,768,36636,601,205,179,246,0.947964370250702
3093,768,20876,83,725,334,241,0.9458907842636108
3094,797,3543,146,190,201,200,0.9937090873718262
3095,797,4542,602,188,200,199,0.983741044998169
3096,797,27992,495,852,339,165,0.9042503833770752
3097,797,16550,41,536,308,465,0.8297679424285889
3098,797,35205,42,534,306,468,0.4653825461864471
3099,967,29666,586,305,228,223,0.9836277961730956
3100,967,41767,126,302,260,295,0.9656503796577454
3101,967,3350,408,889,187,187,0.7431343793869019
3102,973,21770,182,884,191,185,0.9898158311843872
3103,973,29344,610,716,288,443,0.988434672355652
3104,973,16550,575,83,301,466,0.9870844483375548
3105,973,1899,180,267,131,200,0.9658957123756408
3106,224,3482,602,844,277,191,0.9673782587051392
3107,224,25468,85,831,348,297,0.9644936323165894
3108,224,29666,618,171,226,217,0.9603604078292848
3109,224,34596,104,86,371,481,0.8943018913269043
3110,542,16231,617,172,186,181,0.9828401803970336
3111,542,3482,573,836,261,230,0.9693772792816162
3112,542,19860,92,826,226,176,0.9690882563591005
3113,542,31884,74,44,311,518,0.9340857863426208
3114,581,33008,89,256,365,205,0.98749440908432
3115,581,1899,644,853,204,174,0.9842345118522644
3116,581,29344,649,206,172,274,0.9159097671508788
3117,1015,3482,652,750,208,266,0.9726977944374084
3118,1015,30307,68,122,397,410,0.9664157032966614
3119,1015,20876,117,767,330,232,0.9640086889266968
3120,1015,35205,661,172,221,405,0.9611014723777772
3121,595,16231,651,290,189,189,0.9800905585289
3122,595,32309,109,214,250,345,0.9776322841644288
3123,595,3350,398,866,190,192,0.7427746057510376
3124,1029,13899,596,797,196,242,0.9732497334480286
3125,1029,16231,179,866,187,192,0.9661017060279846
3126,1029,3350,434,215,185,183,0.8611335158348083
3127,1028,16231,135,780,191,188,0.9697780013084412
3128,1028,13899,554,707,204,248,0.966370165348053
3129,1028,3350,391,156,184,189,0.9262628555297852
3130,594,29666,637,199,226,215,0.9849371314048768
3131,594,19860,123,866,222,169,0.9712288975715636
3132,594,3482,599,868,256,232,0.9683123230934144
3133,594,28762,128,163,215,203,0.9638664722442628
3134,1014,16547,640,163,233,226,0.9727643132209778
3135,1014,27925,595,677,263,480,0.9721966981887816
3136,1014,1899,158,253,203,122,0.9458310008049012
3137,1014,29344,174,741,181,293,0.914713978767395
3138,219,12080,113,111,219,426,0.9962894916534424
3139,219,3742,493,164,312,305,0.9866138100624084
3140,219,2482,86,668,252,469,0.963850200176239
3141,219,12777,527,546,286,529,0.7872433066368103
3142,231,3742,74,812,326,328,0.9940401911735536
3143,231,13394,610,695,234,504,0.9692999720573424
3144,231,2482,596,118,282,441,0.9520049691200256
3145,231,19551,57,137,388,440,0.7531060576438904
3146,225,29666,137,871,232,227,0.9723382592201232
3147,225,3482,127,274,268,188,0.972175657749176
3148,225,25468,572,189,333,284,0.9547635316848756
3149,225,34596,528,666,372,504,0.8810380101203918
3150,543,19860,127,866,219,168,0.976144015789032
3151,543,16231,646,175,192,185,0.9729368686676024
3152,543,3482,600,868,257,230,0.968532383441925
3153,543,31884,89,57,323,531,0.946572721004486
3154,972,21770,124,773,194,190,0.9933783411979676
3155,972,16550,576,17,326,435,0.9862840175628662
3156,972,27925,568,634,270,482,0.979333996772766
3157,972,1899,140,242,198,127,0.9307581782341005
3158,966,1899,656,904,212,148,0.9739938974380492
3159,966,16547,125,852,244,239,0.9602841138839722
3160,782,22073,587,728,186,194,0.9709495306015016
3161,782,3350,339,183,185,188,0.9649297595024108
3162,782,20013,11,621,346,348,0.3881080150604248
3163,1216,3543,659,865,216,213,0.9601959586143494
3164,1216,27925,155,176,267,452,0.9601588249206544
3165,1216,16547,129,846,230,224,0.1017207577824592
3166,999,1899,643,844,190,190,0.9807055592536926
3167,999,29450,104,236,410,217,0.978645086288452
3168,999,21770,643,289,189,182,0.9513970613479614
3169,999,24849,104,237,408,215,0.1146590486168861
3170,46,3742,119,783,321,325,0.9958373308181764
3171,46,12080,601,704,228,460,0.9934167861938475
3172,46,2482,582,71,248,474,0.9400072693824768
3173,46,12777,103,101,318,515,0.9137406349182128
3174,1438,3543,698,857,213,212,0.991711974143982
3175,1438,16547,206,841,242,238,0.9682409167289734
3176,1438,27925,581,228,213,337,0.5767539143562317
3177,1376,33008,585,241,361,238,0.9905187487602234
3178,1376,1899,642,859,205,168,0.9828770756721495
3179,1376,33207,152,296,205,196,0.97098708152771
3180,1404,20237,669,761,226,223,0.9703333973884584
3181,1404,3350,365,214,185,184,0.9345099329948424
3182,1404,33879,118,737,395,379,0.9063488245010376
3183,85,29344,586,678,290,446,0.992877185344696
3184,85,21770,147,848,196,191,0.984458029270172
3185,85,16547,570,250,231,227,0.9813207983970642
3186,85,1899,161,257,126,200,0.9718359708786012
3187,91,27925,145,140,259,461,0.9793745279312134
3188,91,16547,123,865,239,238,0.9719921350479126
3189,91,1899,631,894,209,135,0.9635537266731262
3190,91,19606,690,299,154,149,0.8836624622344971
3191,621,22361,612,775,245,413,0.9914110898971558
3192,621,3742,137,845,274,276,0.9489567875862122
3193,621,12777,90,43,310,519,0.9316210746765136
3194,621,2482,642,81,209,497,0.9294214844703674
3195,635,3543,182,198,204,198,0.9918227791786194
3196,635,4542,610,152,204,199,0.9713833332061768
3197,635,16547,70,751,239,234,0.9618956446647644
3198,635,28762,616,791,165,220,0.7663779854774475
3199,153,1899,166,246,181,185,0.981530487537384
3200,153,33207,610,843,212,200,0.978302001953125
3201,153,16547,649,211,236,228,0.9675856828689576
3202,153,29450,71,841,414,218,0.8598005771636963
3203,1148,16231,146,731,193,193,0.9788618087768556
3204,1148,41767,555,632,267,306,0.973612666130066
3205,1148,3350,384,160,184,189,0.9625107049942015
3206,1174,29666,124,863,230,227,0.969745397567749
3207,1174,3482,133,289,275,172,0.9678915739059448
3208,1174,30307,571,758,396,429,0.953927218914032
3209,1174,28762,679,257,210,197,0.8298795819282532
3210,392,33207,654,900,220,210,0.9921717643737792
3211,392,1899,187,273,203,139,0.9366958737373352
3212,379,31862,137,314,204,208,0.9808636903762816
3213,379,16687,444,158,504,467,0.9766494035720824
3214,379,3350,465,859,188,191,0.6709117889404297
3215,423,3482,571,836,262,231,0.9716857671737672
3216,423,19860,90,826,226,176,0.9672987461090088
3217,423,36636,588,194,261,154,0.6222844123840332
3218,423,34596,81,25,340,485,0.5189202427864075
3219,345,27776,146,774,177,207,0.987108051776886
3220,345,28762,138,186,210,200,0.9808804392814636
3221,345,16261,573,187,242,228,0.968363881111145
3222,345,3482,536,780,268,223,0.9620498418807985
